Token.Sent,awareness,change_of_location,change_of_possession,change_of_state,change_of_state_continuous,existed_after,existed_before,existed_during,instigation,partitive,sentient,volition,was_for_benefit,was_used
<3.9898,0.625,0.125,0.125,0.125,0.0,1.0,1.0,1.0,1.0,0.5,0.75,0.625,0.875,0.875
abandon.7249,0.0,0.5,0.875,0.75,0.5,1.0,0.875,1.0,0.0,0.25,0.0,0.0,0.75,0.625
accelerate.5143,0.125,0.375,0.25,0.75,0.75,0.5,0.875,1.0,0.5,0.875,0.0,0.125,0.125,1.0
accept.10110,0.25,0.625,0.875,0.375,0.0,0.875,0.875,1.0,0.5,0.125,0.375,0.125,0.375,0.75
accumulate.385,0.125,0.125,0.375,0.375,0.5,1.0,0.125,0.42857142857142855,1.0,0.5,0.0,0.125,0.625,1.0
add.11072,0.0,1.0,0.375,0.375,0.0,1.0,1.0,1.0,0.5,0.375,0.0,0.0,0.125,1.0
add.3644,0.5,0.25,0.5,0.75,0.5,1.0,1.0,1.0,1.0,0.625,0.25,0.375,0.625,0.75
add.7830,0.0,0.875,0.625,0.875,0.75,1.0,1.0,1.0,0.125,0.875,0.0,0.0,0.375,1.0
address.6754,0.0,0.625,0.75,0.75,0.5,0.875,0.875,0.8571428571428571,0.5,0.875,0.0,0.0,0.0,0.875
adopt.10497,0.875,1.0,1.0,0.375,0.375,1.0,1.0,1.0,0.5,0.0,1.0,0.5,0.875,1.0
adopt.8968,0.875,1.0,1.0,0.5,0.375,1.0,1.0,1.0,0.125,0.0,0.875,0.125,0.875,1.0
advise.1473,1.0,0.625,0.0,0.75,0.75,1.0,1.0,1.0,0.375,0.125,1.0,0.875,1.0,0.375
advise.1477,1.0,0.25,0.0,0.5,0.5,1.0,1.0,0.42857142857142855,0.625,0.375,1.0,0.875,1.0,0.5
affirm.415,0.0,0.0,0.0,0.125,0.0,0.875,0.75,1.0,0.875,0.125,0.0,0.0,0.375,1.0
affirm.6055,0.375,0.25,0.375,0.375,0.0,1.0,1.0,1.0,0.875,0.25,0.125,0.5,0.875,0.25
affirm.6060,0.0,0.0,0.0,0.375,0.375,1.0,1.0,1.0,0.5,0.0,0.0,0.0,0.5,1.0
allow.10830,1.0,0.25,0.0,0.375,0.5,1.0,1.0,1.0,0.75,0.0,0.875,0.875,1.0,0.875
amaze.10607,1.0,0.125,0.0,0.5,0.5,1.0,1.0,1.0,0.625,0.0,1.0,0.625,0.875,0.5
amend.3620,0.0,0.375,0.125,0.75,0.5,0.875,0.875,0.8571428571428571,0.375,0.75,0.0,0.0,0.25,0.875
appreciate.10643,0.25,0.125,0.125,0.25,0.0,0.875,0.875,1.0,1.0,0.125,0.375,0.125,0.375,0.125
appreciate.1649,0.0,0.25,0.0,0.25,0.0,0.75,1.0,1.0,1.0,0.0,0.0,0.0,0.625,0.75
approach.2340,1.0,0.375,0.0,0.0,0.0,1.0,1.0,1.0,0.375,0.0,1.0,0.75,0.75,0.5
approve.2343,1.0,0.625,1.0,0.75,0.375,1.0,1.0,0.8571428571428571,0.875,0.375,0.5,0.875,1.0,0.875
approve.5818,0.0,0.5,0.75,0.125,0.0,0.625,0.5,1.0,0.375,0.0,0.0,0.0,0.125,0.5
ask.10595,0.875,0.375,0.125,0.625,0.5,1.0,1.0,1.0,0.5,0.125,1.0,0.375,0.375,1.0
ask.11594,0.0,0.375,0.375,0.5,0.0,0.5,0.25,1.0,0.375,0.625,0.0,0.0,0.375,0.875
ask.11805,1.0,0.125,0.0,0.25,0.0,1.0,1.0,1.0,0.375,0.125,0.875,0.375,0.375,0.875
ask.12227,0.875,0.625,0.375,0.5,0.375,0.875,0.875,0.8571428571428571,0.625,0.125,0.875,0.625,0.625,0.625
ask.174,1.0,0.25,0.0,0.75,0.5,1.0,1.0,1.0,0.0,0.0,1.0,0.5,0.125,0.5
ask.7815,0.0,0.25,0.0,0.125,0.0,0.875,0.375,0.8571428571428571,0.125,0.375,0.0,0.0,0.0,0.5
assign.7097,0.125,0.625,0.5,0.5,0.375,1.0,1.0,1.0,0.875,0.125,0.0,0.0,0.5,0.875
assume.6439,0.0,0.25,0.25,0.25,0.0,0.5,0.0,0.42857142857142855,0.0,0.0,0.0,0.0,0.0,0.5
assure.5745,1.0,0.25,0.0,0.375,0.0,1.0,1.0,1.0,0.0,0.0,1.0,0.75,0.875,1.0
attach.11945,0.0,0.75,0.75,0.125,0.0,1.0,1.0,1.0,0.375,0.0,0.0,0.0,0.25,1.0
attend.10818,0.5,0.5,0.0,0.125,0.0,1.0,1.0,1.0,0.75,0.5,0.5,0.375,0.25,0.5
attend.9884,0.625,0.5,0.25,0.25,0.0,1.0,1.0,1.0,0.625,0.5,0.25,0.625,0.625,0.75
await.3485,0.0,0.125,0.125,0.375,0.0,0.875,0.5,1.0,0.875,0.375,0.0,0.0,0.375,0.625
beat.6716,1.0,0.125,0.0,0.875,0.75,1.0,1.0,1.0,0.375,0.375,0.625,0.75,0.0,0.375
beat.6717,1.0,0.375,0.0,0.5,0.5,1.0,1.0,1.0,0.625,0.125,1.0,0.875,0.5,0.5
beg.890,0.875,0.375,0.0,0.25,0.0,1.0,1.0,1.0,0.375,0.25,1.0,0.375,0.875,0.125
begin.8367,0.0,0.625,0.125,0.875,0.875,1.0,0.125,1.0,0.75,0.875,0.0,0.0,0.375,0.375
believe.458,0.0,0.0,0.0,0.25,0.0,0.625,0.625,0.5714285714285714,0.5,0.25,0.0,0.0,0.375,0.375
bite.10466,0.0,0.5,0.25,0.375,0.375,0.875,0.5,1.0,0.125,0.375,0.0,0.125,0.125,0.0
blame.397,0.875,0.625,0.125,0.25,0.0,1.0,1.0,1.0,0.75,0.5,1.0,0.125,0.125,0.75
blend.1036,0.0,0.0,0.0,0.5,0.5,1.0,1.0,1.0,0.0,0.875,0.0,0.0,0.125,0.5
boggle.1090,1.0,0.0,0.0,1.0,1.0,1.0,1.0,1.0,0.0,0.375,1.0,0.5,0.0,1.0
bring.11911,0.0,1.0,0.625,0.375,0.5,1.0,1.0,1.0,0.375,0.75,0.0,0.0,0.5,0.75
bring.374,0.0,0.0,0.375,0.375,0.375,1.0,0.75,1.0,0.625,0.875,0.0,0.0,0.0,1.0
build.5610,0.0,0.5,0.5,1.0,1.0,1.0,0.0,0.8571428571428571,0.0,0.125,0.0,0.0,0.5,0.5
buy.11792,0.0,1.0,1.0,0.5,0.0,1.0,1.0,1.0,0.0,0.25,0.0,0.0,0.0,0.0
buy.12285,0.0,0.875,0.875,0.125,0.0,1.0,1.0,1.0,0.375,0.0,0.0,0.0,0.125,0.0
buy.7902,0.5,1.0,1.0,0.375,0.5,1.0,1.0,1.0,0.625,0.0,0.125,0.125,0.5,1.0
buy.8643,0.125,0.75,1.0,0.25,0.0,1.0,1.0,1.0,0.375,0.0,0.875,0.0,0.0,1.0
buy.9034,0.5,0.25,0.75,0.375,0.375,1.0,1.0,1.0,0.375,0.5,0.0,0.0,0.5,0.5
call.10287,0.875,0.25,0.375,0.125,0.0,1.0,1.0,1.0,0.375,0.75,1.0,0.625,0.125,0.625
call.10654,1.0,0.0,0.0,0.375,0.375,1.0,1.0,1.0,0.375,0.875,0.0,0.375,0.625,1.0
call.11872,0.5,0.0,0.0,0.0,0.0,1.0,1.0,1.0,0.0,0.375,0.375,0.0,0.125,0.375
call.12188,0.0,0.25,0.25,0.5,0.0,1.0,0.375,1.0,0.375,0.0,0.0,0.0,0.0,0.5
call.12250,1.0,0.0,0.0,0.25,0.0,0.875,1.0,1.0,0.25,0.75,0.5,0.125,0.375,0.5
call.12422,1.0,0.5,0.5,0.375,0.0,1.0,1.0,1.0,0.375,0.125,1.0,0.875,0.375,0.875
call.12437,0.125,0.125,0.125,0.125,0.0,0.625,0.625,0.5714285714285714,0.125,0.125,0.125,0.125,0.125,0.625
call.2045,1.0,0.5,0.0,0.5,0.0,1.0,1.0,1.0,0.75,0.0,1.0,0.75,0.75,0.5
call.293,0.25,0.25,0.125,0.625,0.5,0.5,0.25,0.42857142857142855,0.5,0.625,0.0,0.375,0.5,0.5
call.391,0.375,0.375,0.0,0.125,0.0,1.0,1.0,1.0,0.5,0.125,0.875,0.25,0.625,0.125
call.392,0.875,0.625,0.125,0.125,0.0,1.0,1.0,1.0,0.5,0.125,1.0,0.125,0.75,0.5
call.4757,1.0,0.25,0.0,0.75,0.5,1.0,1.0,1.0,0.0,0.0,1.0,0.625,0.5,1.0
carry.7593,0.0,0.0,0.5,0.5,0.5,1.0,1.0,1.0,0.5,0.0,0.0,0.5,0.5,1.0
cement.6925,0.0,0.375,0.875,1.0,0.625,1.0,0.5,0.8571428571428571,0.875,0.375,0.0,0.125,0.0,0.875
charge.10025,0.0,0.0,0.25,0.25,0.0,0.25,0.0,0.14285714285714285,0.375,0.125,0.0,0.0,0.0,0.625
choose.10221,0.25,0.5,0.375,0.375,0.0,0.875,0.875,1.0,0.625,0.625,0.25,0.5,0.375,1.0
choose.12051,0.125,0.25,0.0,0.5,0.5,0.75,0.75,1.0,0.75,0.75,0.0,0.0,0.125,0.5
cite.6861,0.0,0.0,0.0,0.125,0.0,1.0,1.0,1.0,1.0,0.0,0.0,0.0,0.0,0.5
cite.925,0.375,0.25,0.0,0.25,0.0,1.0,1.0,1.0,0.125,0.125,1.0,0.375,0.75,0.875
commit.6064,1.0,0.375,0.0,0.5,0.5,1.0,1.0,1.0,1.0,0.0,1.0,1.0,0.5,1.0
communicate.1744,0.0,0.5,0.5,0.375,0.0,0.875,0.75,0.8571428571428571,0.5,0.625,0.25,0.125,0.375,0.875
communicate.3627,0.0,0.25,0.0,0.25,0.0,0.875,0.625,0.8571428571428571,0.0,0.5,0.0,0.25,0.5,0.25
comprise.621,0.0,0.25,0.625,0.625,0.5,0.75,0.625,1.0,0.375,0.0,0.0,0.0,0.125,0.875
condemn.1232,0.375,0.25,0.25,0.25,0.0,0.625,1.0,1.0,1.0,0.375,0.125,0.0,0.375,0.5
conquer.6671,1.0,0.75,0.5,1.0,1.0,0.5,1.0,1.0,0.25,0.0,1.0,0.0,0.0,0.5
cost.5865,0.0,0.25,0.75,0.0,0.0,0.25,0.25,0.14285714285714285,0.25,0.25,0.0,0.0,0.25,0.25
count.877,0.0,0.25,0.25,0.25,0.0,1.0,1.0,1.0,0.875,0.125,0.0,0.0,0.125,1.0
cover.11401,0.0,0.25,0.125,0.125,0.0,1.0,1.0,1.0,0.875,0.0,0.125,0.0,1.0,0.625
cover.8112,0.0,0.25,0.0,0.5,0.0,1.0,0.5,1.0,0.0,0.0,0.0,0.0,0.0,0.25
create.1156,0.0,0.375,0.5,0.75,0.5,1.0,0.125,1.0,0.125,0.25,0.125,0.0,0.375,1.0
create.226,1.0,0.25,0.375,0.875,0.875,0.75,0.375,0.2857142857142857,0.375,0.375,0.375,0.5,1.0,1.0
create.6051,0.375,0.0,0.0,0.875,0.875,0.875,0.5,1.0,0.0,0.0,0.0,0.0,0.0,0.875
date.779,1.0,0.75,0.0,0.25,0.0,1.0,1.0,1.0,0.75,0.0,1.0,1.0,0.75,0.5
defeat.4220,0.0,0.0,0.0,0.0,0.0,1.0,1.0,1.0,0.0,0.0,0.0,0.0,0.0,0.5
deny.632,0.0,0.0,0.0,0.125,0.0,1.0,1.0,1.0,0.125,0.375,0.0,0.0,0.0,0.5
deny.679,0.0,0.0,0.0,0.0,0.0,1.0,1.0,1.0,0.5,0.375,0.0,0.0,0.0,0.5
describe.436,0.0,0.375,0.0,0.0,0.0,1.0,1.0,1.0,0.0,0.5,0.0,0.0,0.0,0.5
deserve.11759,0.0,0.25,0.25,0.25,0.0,0.75,0.75,0.7142857142857143,0.125,0.375,0.0,0.0,0.0,0.375
deserve.1567,0.5,0.125,0.5,0.5,0.375,0.5,0.5,1.0,0.375,0.375,0.125,0.5,0.125,0.375
deserve.907,0.375,0.125,0.0,0.25,0.0,0.75,0.875,1.0,0.5,0.25,0.875,0.375,0.375,1.0
detect.9325,0.0,0.125,0.125,0.25,0.0,0.5,0.5,0.42857142857142855,0.5,0.25,0.0,0.0,0.5,0.125
detect.954,0.0,0.0,0.0,0.0,0.0,1.0,1.0,1.0,0.0,0.0,0.5,0.0,0.0,1.0
dilute.8416,0.0,0.375,0.375,0.5,0.5,1.0,1.0,1.0,0.25,0.75,0.0,0.0,0.5,0.25
discuss.4362,0.375,0.375,0.125,0.5,0.375,0.875,1.0,1.0,1.0,0.375,0.125,0.125,0.75,0.625
dislike.7538,0.125,0.125,0.25,0.625,0.5,1.0,1.0,1.0,0.75,0.75,0.0,0.0,0.375,0.625
dislike.8230,0.625,0.5,0.25,0.5,0.375,1.0,1.0,1.0,0.75,0.75,0.875,0.25,0.0,0.5
divide.623,0.0,0.125,0.25,0.5,0.5,0.75,0.25,1.0,0.25,0.5,0.0,0.0,0.0,0.5
do.10386,0.0,0.0,0.0,0.5,0.5,1.0,0.375,0.42857142857142855,0.5,0.0,0.0,0.0,0.0,1.0
do.10921,0.0,0.25,0.125,0.625,0.375,0.125,0.875,1.0,0.625,0.125,0.0,0.0,0.625,0.875
do.11058,0.375,0.125,0.375,0.875,0.875,0.875,0.375,0.8571428571428571,0.375,0.375,0.375,0.125,0.375,0.375
do.11646,0.25,0.5,0.5,0.5,0.0,0.5,0.5,1.0,1.0,0.25,0.0,0.125,0.25,1.0
do.11998,0.0,0.0,0.0,0.5,0.5,0.625,0.625,1.0,0.125,0.0,0.0,0.0,0.0,0.5
do.12259,0.0,0.0,0.0,0.875,1.0,1.0,0.0,1.0,0.0,0.0,0.0,0.0,0.0,0.5
do.1641,0.0,0.25,0.375,0.75,0.5,0.875,0.875,1.0,0.875,0.5,0.0,0.0,0.25,1.0
do.2150,0.0,0.125,0.125,0.625,0.375,0.625,0.0,1.0,0.625,0.5,0.0,0.0,0.375,0.875
do.2337,0.0,0.0,0.25,0.75,0.5,0.875,0.0,0.8571428571428571,0.0,0.0,0.0,0.0,0.0,0.875
do.3018,0.0,0.0,0.0,0.875,0.875,0.5,0.125,0.8571428571428571,0.0,0.5,0.0,0.0,0.625,1.0
do.5156,0.375,0.0,0.0,0.75,0.75,1.0,1.0,1.0,1.0,0.625,0.0,0.0,1.0,1.0
do.5367,0.25,0.375,0.5,0.625,0.375,0.75,0.75,1.0,0.25,0.25,0.125,0.25,0.25,0.75
do.716,0.0,0.125,0.125,0.125,0.0,0.625,0.625,0.5714285714285714,0.125,0.125,0.0,0.0,0.0,0.625
do.7203,0.375,0.125,0.125,0.25,0.0,0.5,0.5,0.42857142857142855,0.5,0.125,0.375,0.125,0.0,0.375
do.7476,0.0,0.0,0.25,1.0,1.0,1.0,0.0,0.5714285714285714,0.5,0.0,0.0,0.0,0.5,0.125
do.7731,0.0,0.375,0.0,0.75,0.5,1.0,0.5,1.0,0.5,0.5,0.0,0.0,0.0,0.5
do.7735,0.0,0.0,0.0,0.625,0.5,0.5,0.0,1.0,0.0,0.375,0.0,0.0,0.5,0.875
do.7754,0.125,0.625,0.625,0.875,0.875,0.75,0.5,0.8571428571428571,0.625,0.375,0.125,0.125,0.5,0.875
do.8243,0.0,0.0,0.0,0.25,0.0,0.75,0.75,1.0,0.5,0.0,0.0,0.0,0.0,1.0
do.8561,0.0,0.125,0.125,0.25,0.0,0.75,0.5,1.0,0.375,0.125,0.0,0.0,0.125,0.875
do.8620,0.0,0.5,0.5,0.625,0.375,1.0,0.125,1.0,0.125,0.875,0.0,0.0,0.375,0.875
do.8830,0.0,0.125,0.125,0.125,0.0,0.5,0.5,0.42857142857142855,0.5,0.0,0.375,0.0,0.375,0.375
do.9018,0.0,0.0,0.0,0.125,0.0,0.5,0.375,1.0,0.375,0.25,0.375,0.0,0.375,0.375
do.9266,0.0,0.0,0.0,0.125,0.0,0.5,0.75,0.7142857142857143,0.125,0.0,0.0,0.0,0.0,0.5
do.9396,0.0,0.25,0.0,0.0,0.0,0.5,0.5,1.0,0.375,0.125,0.0,0.0,0.0,1.0
do.9799,0.0,0.375,0.625,0.75,0.5,0.5,0.5,1.0,0.0,0.375,0.0,0.0,0.375,1.0
do.9822,0.5,0.5,0.25,0.75,1.0,1.0,0.375,0.8571428571428571,0.5,0.375,0.375,0.5,0.625,1.0
do.9831,0.0,0.0,0.0,0.125,0.0,0.5,0.5,1.0,0.5,0.375,0.0,0.0,0.375,0.5
drag.6748,1.0,1.0,0.0,0.625,0.375,1.0,1.0,1.0,0.25,0.375,1.0,0.0,0.0,0.5
drop.11121,0.0,1.0,0.875,0.0,0.0,1.0,1.0,1.0,0.0,0.0,0.0,0.0,0.5,1.0
drop.12217,0.0,1.0,0.875,0.5,0.5,1.0,1.0,1.0,0.25,0.125,0.0,0.0,0.375,1.0
drop.9846,0.875,0.375,0.0,0.875,0.875,1.0,1.0,1.0,0.75,0.375,0.5,0.0,0.0,0.875
e-mail.4472,0.375,0.375,0.0,0.375,0.125,1.0,1.0,1.0,0.375,0.375,0.875,0.125,0.875,0.125
earn.366,0.0,0.0,0.0,0.25,0.0,0.875,0.375,0.2857142857142857,0.0,0.125,0.0,0.0,0.0,0.0
earn.367,0.0,0.0,0.5,0.5,0.375,1.0,0.125,1.0,0.375,0.0,0.125,0.0,0.125,0.375
earn.368,0.5,0.25,0.375,0.375,0.375,1.0,0.125,0.42857142857142855,0.5,0.125,0.0,0.5,0.5,1.0
earn.370,0.0,0.375,0.0,0.0,0.0,1.0,0.5,0.7142857142857143,0.75,0.375,0.0,0.0,0.0,0.5
earn.371,0.125,0.5,0.25,0.375,0.0,0.75,0.375,0.7142857142857143,0.25,0.5,0.0,0.0,0.375,0.625
earn.383,0.0,0.25,0.125,0.625,0.375,0.875,0.5,0.5714285714285714,0.5,0.125,0.375,0.0,0.5,0.75
eat.6370,0.875,0.625,0.5,0.75,0.5,0.5,0.5,1.0,0.125,0.5,0.875,0.0,0.0,0.875
eat.9737,0.0,1.0,0.5,1.0,1.0,0.5,1.0,0.5714285714285714,1.0,0.125,0.0,0.0,0.125,1.0
email.7372,0.875,0.5,0.125,0.25,0.0,1.0,1.0,1.0,0.5,0.375,1.0,0.625,0.75,0.5
employ.7202,1.0,0.625,0.0,0.875,1.0,1.0,1.0,1.0,0.375,0.75,1.0,0.375,0.0,0.625
enable.3801,0.625,0.375,0.375,0.5,0.375,1.0,1.0,1.0,0.25,0.5,0.75,0.375,0.75,0.875
encourage.5482,1.0,0.375,0.125,0.5,0.375,1.0,1.0,1.0,0.5,0.0,0.75,0.5,0.875,0.625
enjoy.11045,0.5,0.625,0.0,0.625,0.5,0.5,0.5,1.0,1.0,0.875,0.5,0.5,0.5,1.0
enjoy.11704,0.5,0.0,0.0,0.5,0.5,1.0,0.75,1.0,1.0,0.25,0.0,0.5,0.5,1.0
enjoy.2668,0.0,0.0,0.5,0.0,0.0,1.0,0.625,1.0,0.5,0.0,0.0,0.0,0.5,1.0
enjoy.4005,0.25,0.25,0.25,0.25,0.0,0.25,0.25,1.0,1.0,0.625,0.0,0.25,0.125,0.5
enjoy.8878,0.0,0.125,0.0,0.5,0.375,0.875,0.875,1.0,0.5,0.5,0.0,0.0,0.25,1.0
enjoy.9853,0.0,0.5,0.0,0.25,0.0,0.5,0.5,1.0,1.0,0.25,0.125,0.0,0.125,1.0
envision.3989,0.125,0.375,0.625,0.5,0.375,1.0,0.125,1.0,0.75,0.125,0.0,0.125,0.625,0.375
estimate.4700,0.0,0.75,0.625,0.5,0.375,1.0,1.0,1.0,0.5,0.625,0.0,0.0,0.0,1.0
examine.6435,0.0,0.75,0.125,0.5,0.5,1.0,1.0,1.0,0.0,0.375,0.625,0.0,0.125,0.5
expect.11736,0.5,0.25,0.0,0.0,0.0,1.0,1.0,1.0,1.0,0.0,0.5,0.5,0.75,0.5
expect.1988,0.0,0.5,0.5,0.5,0.0,0.5,0.5,0.7142857142857143,0.0,0.25,0.0,0.0,0.0,0.5
experience.11763,0.0,0.125,0.0,0.375,0.375,0.625,0.0,0.8571428571428571,0.0,0.125,0.0,0.0,0.625,0.375
explain.11109,0.5,0.0,0.0,0.125,0.0,1.0,1.0,1.0,0.875,0.0,0.5,0.5,0.5,1.0
explain.257,0.125,0.25,0.25,0.25,0.0,1.0,1.0,1.0,1.0,0.0,0.375,0.0,0.0,0.5
explain.9946,0.0,0.125,0.125,0.125,0.0,0.5,0.875,0.42857142857142855,0.875,0.0,0.0,0.0,0.5,0.625
explain.9947,0.0,0.0,0.125,0.125,0.0,1.0,1.0,1.0,0.125,0.375,0.0,0.0,0.0,1.0
express.1503,0.0,0.0,0.0,0.125,0.0,1.0,1.0,1.0,0.75,0.25,0.0,0.0,0.0,1.0
extend.4596,0.0,0.125,0.375,0.25,0.0,1.0,0.75,1.0,0.125,0.375,0.0,0.0,0.125,0.125
extend.5663,0.0,1.0,0.0,0.5,0.5,1.0,1.0,1.0,0.0,0.0,0.0,0.0,0.0,1.0
fail.167,0.0,0.125,0.125,0.125,0.0,0.75,0.75,0.7142857142857143,1.0,0.625,0.0,0.0,0.25,0.875
fax.4500,0.25,0.75,0.5,0.0,0.0,1.0,1.0,1.0,0.25,0.0,0.5,0.25,0.5,0.0
feature.525,0.375,0.125,0.125,0.25,0.0,1.0,1.0,1.0,0.875,0.75,0.375,0.0,0.75,0.625
feed.8558,0.0,0.875,0.375,0.5,0.375,0.25,1.0,1.0,0.375,0.375,0.125,0.0,0.0,1.0
find.10602,0.25,0.25,0.375,0.5,0.375,1.0,0.5,1.0,0.875,0.625,0.0,0.25,0.0,0.75
find.10639,1.0,0.625,0.25,0.125,0.0,1.0,1.0,1.0,0.875,0.5,1.0,0.625,0.875,0.875
find.11100,0.625,0.375,0.125,0.625,0.375,1.0,1.0,1.0,0.625,0.375,1.0,0.75,0.625,0.875
find.11446,0.0,0.375,0.75,0.375,0.0,1.0,1.0,1.0,0.0,0.125,0.0,0.0,0.125,0.125
find.12105,0.0,0.125,0.0,0.375,0.0,1.0,1.0,1.0,1.0,0.5,0.0,0.5,0.25,0.75
find.12106,0.375,0.0,0.0,0.0,0.0,1.0,1.0,1.0,0.875,0.75,1.0,0.25,0.125,1.0
find.1864,0.5,0.75,0.875,0.25,0.0,1.0,1.0,1.0,0.75,0.25,0.5,0.5,0.5,0.625
find.2823,0.0,0.375,0.25,0.25,0.0,1.0,1.0,1.0,1.0,0.125,0.375,0.0,0.5,0.125
find.5859,0.125,0.25,0.125,0.5,0.0,0.75,0.75,0.7142857142857143,0.625,0.5,0.0,0.0,0.25,0.625
find.6229,0.0,0.375,0.125,0.25,0.0,1.0,1.0,1.0,0.375,0.25,0.0,0.0,0.125,0.375
find.7311,0.875,0.875,0.875,0.125,0.0,0.875,0.875,0.8571428571428571,0.75,0.375,0.875,0.125,0.625,0.875
find.7660,0.875,0.75,0.5,0.75,0.625,1.0,1.0,1.0,0.625,0.875,1.0,0.375,1.0,1.0
find.7662,0.75,1.0,0.875,0.5,0.5,1.0,1.0,1.0,0.625,0.0,1.0,0.25,1.0,1.0
find.9843,0.25,0.25,0.25,0.125,0.0,0.5,0.875,0.42857142857142855,0.125,0.75,0.625,0.125,0.125,0.75
finish.11542,0.0,0.375,0.5,0.875,0.75,0.125,0.875,0.8571428571428571,0.75,0.5,0.0,0.0,0.5,0.5
fix.10368,0.0,0.375,0.5,1.0,1.0,1.0,1.0,1.0,0.375,0.75,0.0,0.0,0.875,1.0
fix.9825,0.25,0.5,0.0,1.0,1.0,1.0,1.0,1.0,0.125,0.625,0.0,0.125,1.0,1.0
fix.9856,0.0,0.375,0.0,1.0,1.0,1.0,1.0,1.0,0.0,0.625,0.0,0.0,0.375,1.0
fixede.10228,0.0,0.625,0.75,0.875,1.0,1.0,1.0,1.0,0.375,0.625,0.5,0.0,0.875,1.0
fly.332,0.0,1.0,0.75,0.75,0.75,0.875,1.0,1.0,0.125,0.375,0.0,0.5,0.125,0.875
follow.6134,0.125,0.375,0.125,0.125,0.0,0.875,0.75,0.7142857142857143,0.375,0.375,0.0,0.125,0.375,0.375
follow.813,0.75,0.25,0.625,0.5,0.5,0.5,1.0,1.0,0.375,0.75,0.0,0.75,0.375,0.625
forward.3892,0.0,0.75,0.75,0.5,0.375,1.0,1.0,1.0,1.0,0.625,0.0,0.0,0.5,1.0
frequent.12115,0.0,0.5,0.5,0.5,0.0,1.0,1.0,1.0,0.75,0.5,0.0,0.0,0.75,0.75
fund.1242,0.0,0.125,0.125,0.625,0.25,0.75,0.625,0.42857142857142855,0.5,0.5,0.0,0.0,1.0,0.125
generate.146,0.0,0.25,0.0,0.75,0.5,1.0,0.0,1.0,0.75,0.0,0.0,0.0,0.5,0.5
get.10109,0.0,0.75,1.0,0.5,0.0,1.0,1.0,1.0,0.5,0.125,0.0,0.0,0.25,0.875
get.11057,0.0,0.0,0.0,0.0,0.0,1.0,0.0,1.0,0.0,0.0,0.0,0.0,0.0,0.875
get.11615,0.0,0.875,0.875,0.875,0.375,0.875,1.0,1.0,0.875,0.125,0.125,0.0,0.125,0.625
get.12327,0.25,0.25,0.25,0.0,0.0,0.5,0.0,1.0,1.0,0.5,0.0,0.25,0.25,1.0
get.12433,0.0,0.25,1.0,0.25,0.0,1.0,0.5,1.0,1.0,0.375,0.0,0.0,0.5,1.0
get.12527,0.0,0.125,0.625,0.75,0.5,0.75,0.375,1.0,0.375,0.125,0.125,0.0,0.375,0.75
get.3005,0.0,0.625,0.375,0.625,0.375,0.625,0.5,1.0,0.0,0.0,0.0,0.0,0.0,1.0
get.4261,0.125,0.375,0.25,0.0,0.0,1.0,1.0,1.0,0.5,0.0,0.0,0.125,0.125,0.375
get.5128,0.5,0.0,0.0,0.25,0.0,0.5,0.25,1.0,0.5,0.25,0.0,0.5,0.5,0.5
get.5583,0.0,0.0,0.0,0.0,0.0,1.0,0.125,1.0,0.5,0.5,0.0,0.0,0.0,1.0
get.5591,0.125,0.125,0.125,0.625,0.5,1.0,0.125,0.5714285714285714,0.125,0.0,0.0,0.0,0.5,0.625
get.7222,0.25,0.5,0.5,0.5,0.0,0.875,0.625,1.0,0.5,0.375,0.125,0.25,0.5,0.875
get.7949,0.0,0.75,0.75,0.375,0.0,0.875,1.0,1.0,0.5,0.375,0.0,0.125,0.125,0.125
get.8645,0.625,0.625,0.5,0.375,0.5,1.0,0.75,1.0,0.75,0.0,0.75,0.0,0.75,1.0
get.8880,0.0,0.0,0.0,0.5,0.5,1.0,0.5,0.7142857142857143,0.5,0.0,0.0,0.0,0.0,0.875
get.9047,0.125,0.0,0.125,0.875,0.875,0.375,0.0,1.0,0.0,0.125,0.0,0.0,0.0,0.375
give.10169,0.0,1.0,1.0,0.375,0.375,1.0,1.0,1.0,0.375,0.375,0.0,0.0,0.125,1.0
give.10717,0.0,0.0,0.125,0.125,0.0,1.0,0.0,1.0,0.0,0.125,0.0,0.0,0.0,0.5
give.11112,0.0,0.25,0.75,0.625,0.5,1.0,0.625,1.0,0.5,0.625,0.0,0.125,0.375,0.625
give.2767,0.0,0.8928571428571428,1.0,0.2857142857142857,0.2857142857142857,1.0,1.0,1.0,0.17857142857142855,0.14285714285714285,0.0,0.0,0.0,0.8571428571428572
give.6911,0.125,0.5,0.125,0.375,0.0,0.875,0.75,0.8571428571428571,0.875,0.875,0.0,0.375,0.75,0.875
give.721,0.0,0.125,0.125,0.0,0.0,0.125,0.125,1.0,0.375,0.125,0.0,0.0,0.375,0.5
give.738,0.0,0.0,0.0,0.0,0.0,1.0,0.25,1.0,0.0,0.0,0.0,0.0,0.0,1.0
give.9149,0.0,0.0,0.375,0.125,0.0,0.5,0.5,0.42857142857142855,0.375,0.125,0.0,0.0,0.0,0.5
give.9380,0.0,0.375,0.125,0.125,0.0,1.0,1.0,1.0,0.125,0.75,0.0,0.0,0.125,0.875
give.9382,0.0,0.25,0.0,0.125,0.0,1.0,1.0,1.0,0.0,0.0,0.0,0.0,0.0,1.0
google.10407,0.0,0.0,0.125,0.25,0.0,0.875,0.875,0.8571428571428571,0.0,0.625,0.0,0.125,0.5,0.875
google.11223,0.125,0.125,0.125,0.25,0.0,0.875,1.0,1.0,0.125,0.125,0.0,0.125,0.125,0.0
grab.5547,0.375,1.0,0.5,0.625,0.125,1.0,1.0,1.0,0.5,0.0,0.0,0.0,0.125,0.625
guide.11099,1.0,0.75,0.25,0.375,0.375,1.0,1.0,1.0,0.375,0.25,1.0,0.375,1.0,0.25
guz.7377,0.5,0.5,0.5,0.875,0.875,0.75,0.875,0.8571428571428571,0.875,0.625,0.125,0.5,0.75,0.75
handle.9222,0.875,0.75,0.5,0.25,0.0,1.0,1.0,1.0,0.5,0.25,0.75,0.5,0.5,1.0
hate.945,0.0,0.25,0.0,0.25,0.0,0.75,0.625,1.0,0.375,0.0,0.0,0.0,0.0,0.5
haul.9789,1.0,1.0,0.25,0.125,0.0,1.0,1.0,1.0,0.875,1.0,1.0,0.375,0.375,1.0
have.10010,0.0,0.125,0.0,0.75,0.75,0.5,0.125,1.0,0.375,0.125,0.0,0.0,0.125,0.125
have.10012,0.375,0.25,0.375,0.5,0.375,1.0,1.0,1.0,0.75,0.5,0.75,0.5,0.25,0.625
have.10034,0.0,0.0,0.0,0.0,0.0,0.5,0.5,1.0,0.0,0.0,0.0,0.0,0.0,0.5
have.10102,0.0,0.0,0.0,0.0,0.0,0.125,0.125,0.0,0.125,0.0,0.0,0.0,0.0,0.125
have.10237,0.875,0.0,0.0,0.25,0.0,1.0,0.25,1.0,0.875,0.625,0.25,0.0,0.125,0.75
have.10284,0.125,0.125,0.0,0.25,0.0,1.0,1.0,1.0,1.0,0.625,0.625,0.125,0.5,1.0
have.10295,0.0,0.625,0.875,0.25,0.0,1.0,1.0,1.0,0.5,0.75,0.0,0.0,0.0,1.0
have.10338,1.0,0.375,0.0,0.5,0.0,0.875,0.875,1.0,0.625,0.125,0.875,0.625,0.5,1.0
have.10371,0.0,0.5,0.5,1.0,1.0,0.5,1.0,1.0,0.5,0.25,0.0,0.0,0.0,1.0
have.10406,0.0,0.25,0.25,0.25,0.0,0.75,0.75,1.0,1.0,0.25,0.0,0.0,0.25,0.5
have.10430,0.0,0.625,0.375,0.625,0.375,0.75,0.5,1.0,0.5,0.625,0.0,0.0,0.25,0.875
have.10452,0.0,0.5,0.875,0.5,0.5,0.625,0.875,1.0,0.125,0.375,0.0,0.0,0.125,0.875
have.10462,0.0,0.125,0.125,0.5,0.0,0.375,0.375,1.0,0.125,0.125,0.0,0.0,0.125,0.375
have.10500,0.0,0.0,0.25,0.5,0.0,0.25,0.0,1.0,0.75,0.25,0.0,0.0,0.25,0.625
have.10559,1.0,0.125,0.0,0.25,0.0,1.0,1.0,1.0,0.25,0.25,1.0,0.875,0.625,1.0
have.10647,0.5,0.0,0.0,0.5,0.375,0.5,0.5,0.8571428571428571,0.5,0.125,0.0,0.5,0.5,0.5
have.10657,0.0,0.0,0.0,0.0,0.0,0.0,0.0,0.42857142857142855,0.5,0.0,0.0,0.0,0.0,0.5
have.10676,0.375,0.375,0.0,0.5,0.375,0.5,1.0,1.0,0.5,0.5,0.0,0.0,0.5,0.375
have.10728,0.0,0.0,0.0,0.25,0.0,0.5,0.125,1.0,0.5,0.5,0.0,0.0,0.0,0.625
have.10743,0.0,0.625,0.875,0.375,0.375,0.625,0.625,1.0,0.5,0.375,0.0,0.0,0.0,1.0
have.10801,0.5,0.125,0.5,0.875,0.875,0.5,0.5,1.0,0.5,0.0,0.0,0.375,0.5,1.0
have.10872,0.375,0.375,0.625,0.625,0.5,0.625,0.875,0.8571428571428571,1.0,0.5,0.5,0.375,0.25,0.875
have.1098,0.0,0.375,0.0,0.25,0.0,0.875,0.5,1.0,0.875,0.625,0.5,0.0,0.125,0.875
have.1118,0.125,0.125,0.125,0.125,0.0,0.5,0.25,0.5714285714285714,0.125,0.125,0.125,0.0,0.125,0.125
have.1119,0.0,0.0,0.0,0.25,0.0,0.5,0.5,1.0,0.25,0.0,0.0,0.0,0.0,0.375
have.1120,0.125,0.0,0.0,0.0,0.0,0.5,0.5,1.0,0.0,0.0,0.0,0.0,0.0,0.0
have.11211,0.0,0.75,0.25,0.75,0.5,0.75,1.0,1.0,0.25,0.125,0.0,0.0,0.0,0.875
have.11232,0.625,0.375,0.375,0.875,0.875,0.5,0.5,1.0,0.875,0.5,0.5,0.625,0.625,0.75
have.1124,0.125,0.125,0.125,0.375,0.375,0.375,0.375,0.2857142857142857,0.375,0.125,0.125,0.125,0.375,0.125
have.11248,0.0,0.375,0.25,0.375,0.0,0.75,0.5,1.0,0.75,0.0,0.0,0.0,0.125,0.5
have.1125,0.25,0.375,0.375,0.375,0.0,0.375,0.375,0.5714285714285714,0.375,0.375,0.25,0.375,0.375,0.375
have.1127,0.0,0.25,0.375,0.25,0.0,0.25,0.0,0.42857142857142855,0.5,0.25,0.0,0.0,0.25,0.5
have.11274,0.0,0.0,0.0,0.375,0.0,0.25,0.0,0.7142857142857143,0.5,0.25,0.0,0.0,0.0,1.0
have.1128,0.5,0.5,0.375,0.75,0.875,0.625,0.875,0.7142857142857143,0.875,0.875,0.375,0.5,0.875,0.625
have.1129,0.125,0.125,0.125,0.0,0.0,0.625,0.625,0.5714285714285714,0.375,0.5,0.0,0.625,0.25,0.5
have.11390,0.0,0.25,0.0,0.25,0.0,0.25,0.0,0.42857142857142855,0.5,0.0,0.0,0.0,0.0,0.5
have.11393,0.0,0.375,0.25,0.875,0.875,0.25,0.5,1.0,0.0,0.375,0.0,0.0,0.0,0.5
have.11400,0.125,0.375,0.125,1.0,0.875,0.75,0.375,0.7142857142857143,0.375,0.375,0.125,0.125,0.375,0.5
have.11425,0.0,0.125,0.125,0.125,0.0,1.0,0.375,1.0,0.125,0.125,0.0,0.0,0.625,0.875
have.11428,1.0,0.625,0.0,0.125,0.0,0.5,0.375,1.0,0.375,0.0,0.5,0.875,0.5,0.375
have.11436,0.0,0.0,0.0,0.375,0.125,0.625,0.5,1.0,0.875,0.5,0.375,0.0,0.125,0.75
have.11445,0.0,0.125,0.125,0.25,0.0,0.25,0.125,1.0,0.375,0.125,0.0,0.0,0.125,1.0
have.11450,0.0,0.625,0.375,0.75,0.375,0.0,0.5,1.0,0.375,0.5,0.0,0.0,0.0,0.5
have.11491,0.0,0.0,0.125,0.5,0.375,0.625,0.125,1.0,0.125,0.375,0.0,0.0,0.125,0.625
have.11520,0.0,0.875,1.0,1.0,1.0,0.0,1.0,1.0,0.5,0.75,0.0,0.0,0.25,1.0
have.11623,0.5,0.5,0.0,0.125,0.0,0.875,0.625,0.8571428571428571,0.625,0.0,0.0,0.5,1.0,1.0
have.11630,0.0,0.125,0.125,0.625,0.5,0.25,0.25,1.0,0.5,0.125,0.0,0.0,0.5,1.0
have.11634,0.25,0.25,0.25,0.25,0.0,0.25,0.25,0.14285714285714285,0.75,0.25,0.25,0.25,0.25,0.25
have.11644,0.5,0.0,0.25,0.625,0.5,0.625,0.5,1.0,0.5,0.75,0.5,0.5,0.375,1.0
have.11654,1.0,0.875,0.0,0.5,0.5,1.0,0.5,1.0,0.875,0.5,1.0,1.0,0.875,1.0
have.11688,0.0,0.25,0.25,0.625,0.5,0.75,0.25,1.0,0.125,0.625,0.0,0.0,0.5,0.5
have.11705,0.125,0.25,0.25,0.625,0.375,0.375,0.375,0.8571428571428571,0.875,0.625,0.375,0.125,0.375,0.875
have.11725,0.0,0.375,0.5,0.75,0.5,0.0,0.0,1.0,0.375,0.375,0.0,0.0,0.0,0.875
have.1176,0.25,0.25,0.25,0.375,0.0,0.75,0.0,1.0,0.25,0.25,0.25,0.25,0.25,0.25
have.118,0.0,0.5,0.125,0.5,0.375,0.375,0.0,0.8571428571428571,0.625,0.5,0.0,0.0,0.125,0.5
have.11855,0.125,0.375,0.375,0.125,0.0,1.0,1.0,1.0,0.375,0.25,0.125,0.5,0.0,1.0
have.11933,0.0,0.0,0.125,0.125,0.0,0.875,0.25,1.0,0.375,0.0,0.0,0.0,0.125,0.5
have.11956,0.0,0.75,0.5,0.25,0.0,0.875,1.0,1.0,0.0,0.0,0.0,0.0,0.0,0.875
have.11976,0.0,0.25,0.125,0.25,0.0,0.875,0.625,0.8571428571428571,0.75,0.625,0.0,0.0,0.625,0.625
have.11977,0.0,0.25,0.25,0.5,0.0,0.25,0.125,1.0,0.375,0.0,0.0,0.0,0.25,1.0
have.11989,0.0,0.125,0.0,0.125,0.0,0.125,0.125,1.0,0.375,0.0,0.0,0.0,0.125,0.625
have.12120,0.0,0.875,0.875,0.875,0.875,0.125,1.0,1.0,0.375,0.375,0.0,0.0,0.0,0.875
have.12253,1.0,0.5,0.125,0.5,0.0,0.875,1.0,1.0,0.75,0.125,1.0,0.75,0.625,0.875
have.12345,0.0,0.375,0.375,0.25,0.0,1.0,1.0,1.0,0.5,0.375,0.0,0.0,0.375,0.75
have.12364,0.0,0.125,0.125,0.375,0.0,1.0,0.125,1.0,0.625,0.125,0.0,0.0,0.625,0.875
have.12439,0.0,0.0,0.0,0.25,0.0,0.25,0.25,1.0,0.5,0.0,0.0,0.0,0.0,0.5
have.125,0.875,0.625,0.125,0.0,0.0,0.875,0.875,0.8571428571428571,0.375,0.0,1.0,0.625,0.625,0.875
have.12512,0.625,0.375,0.125,0.625,0.5,0.875,0.875,1.0,0.625,0.375,0.875,0.625,0.375,0.625
have.1322,0.0,0.0,0.0,0.25,0.0,0.625,0.375,1.0,0.0,0.0,0.0,0.0,0.0,1.0
have.1347,0.0,0.125,0.0,0.375,0.0,0.5,0.25,1.0,0.375,0.0,0.0,0.0,0.0,0.375
have.1441,0.0,0.0,0.0,0.125,0.0,0.0,0.25,1.0,0.0,0.0,0.0,0.0,0.0,0.5
have.1444,0.125,0.125,0.375,0.125,0.0,0.375,0.375,0.8571428571428571,0.375,0.125,0.125,0.125,0.375,0.375
have.1510,0.0,0.5,0.5,0.75,0.75,0.5,0.875,1.0,1.0,0.5,0.0,0.0,0.125,0.875
have.1805,0.125,0.25,0.25,0.0,0.0,1.0,0.75,1.0,0.5,0.0,0.25,0.25,0.25,1.0
have.1808,0.0,0.0,0.25,0.125,0.0,0.75,0.75,1.0,1.0,0.375,0.0,0.0,0.25,0.875
have.1812,0.0,0.25,0.125,0.5,0.375,0.75,0.5,1.0,0.5,0.125,0.375,0.0,0.0,0.75
have.1948,0.0,0.0,0.0,0.25,0.0,0.0,0.0,1.0,0.5,0.0,0.0,0.0,0.0,1.0
have.1959,0.0,0.125,0.125,0.25,0.0,0.375,0.375,1.0,0.375,0.125,0.0,0.0,0.375,0.25
have.1971,0.0,0.125,0.125,0.25,0.0,0.375,0.375,1.0,0.625,0.125,0.0,0.0,0.125,0.875
have.2104,0.0,0.25,0.0,0.5,0.5,0.875,0.125,0.8571428571428571,0.0,0.0,0.0,0.0,0.0,0.5
have.2225,0.0,0.0,0.0,0.25,0.0,0.125,0.0,0.42857142857142855,0.0,0.0,0.0,0.0,0.0,0.5
have.223,0.125,1.0,0.875,1.0,0.875,0.125,1.0,0.8571428571428571,0.5,0.75,0.0,0.125,0.375,0.75
have.2240,0.0,0.0,0.0,0.5,0.5,0.5,0.0,1.0,0.5,0.0,0.0,0.0,0.0,0.5
have.2260,0.0,0.0,0.0,0.5,0.5,0.0,0.5,1.0,0.5,0.0,0.0,0.0,0.0,0.5
have.2354,0.0,0.25,0.25,0.5,0.0,0.75,0.75,1.0,0.25,0.75,0.0,0.0,0.25,0.5
have.2565,0.0,0.25,0.25,0.5,0.375,1.0,0.0,1.0,0.5,0.125,0.0,0.0,0.375,0.625
have.2581,0.0,0.0,0.0,0.5,0.5,0.5,0.0,1.0,0.5,0.0,0.0,0.0,0.0,1.0
have.2609,0.0,0.0,0.0,0.75,0.5,0.5,0.0,1.0,0.5,0.5,0.0,0.0,0.25,0.5
have.2806,0.25,0.25,0.625,0.25,0.0,0.75,0.0,1.0,0.25,0.0,0.0,0.25,0.25,0.75
have.3084,0.0,0.0,0.0,0.25,0.0,0.5,0.0,0.42857142857142855,0.0,0.0,0.0,0.0,0.0,0.5
have.4006,0.0,0.375,0.125,0.375,0.0,0.875,0.375,1.0,0.875,0.875,0.0,0.0,0.375,0.875
have.429,1.0,0.5,0.0,0.5,0.5,0.5,0.0,1.0,1.0,0.0,1.0,0.5,0.25,1.0
have.4298,0.0,0.25,0.25,0.125,0.0,1.0,1.0,1.0,0.5,0.125,0.0,0.0,0.125,0.875
have.4314,0.0,0.0,0.125,0.375,0.0,1.0,0.25,1.0,0.75,0.25,0.0,0.0,0.25,0.875
have.434,0.0,0.625,0.0,0.75,0.75,0.375,0.0,1.0,1.0,0.5,0.0,0.0,0.0,1.0
have.4356,0.0,0.375,0.25,0.25,0.0,0.875,0.25,1.0,0.5,0.0,0.0,0.0,0.5,1.0
have.4420,0.0,0.125,0.125,0.625,0.375,0.125,0.375,1.0,0.875,0.125,0.0,0.0,0.5,0.875
have.4753,0.0,0.5,0.25,0.25,0.0,1.0,1.0,1.0,0.5,0.25,0.0,0.0,0.0,1.0
have.4993,0.0,0.0,0.5,0.0,0.0,0.5,0.125,1.0,0.5,0.375,0.0,0.0,0.0,1.0
have.5010,0.125,0.25,0.375,0.375,0.0,0.625,0.625,0.5714285714285714,0.75,0.375,0.0,0.125,0.25,0.375
have.5222,0.125,0.125,0.125,0.125,0.0,0.125,0.125,0.5714285714285714,0.625,0.625,0.125,0.125,0.125,0.625
have.5397,0.0,0.125,0.125,0.25,0.0,0.125,0.375,1.0,0.375,0.25,0.0,0.0,0.125,0.375
have.5635,0.0,0.0,0.0,0.0,0.0,1.0,1.0,1.0,0.375,0.5,0.0,0.0,0.0,0.5
have.5645,0.0,0.0,0.0,0.625,0.0,0.5,0.0,1.0,0.0,0.0,0.0,0.0,0.0,0.5
have.5675,1.0,1.0,0.0,0.5,0.5,1.0,0.0,1.0,0.375,0.5,1.0,0.0,0.875,1.0
have.5696,0.625,0.625,0.0,0.25,0.0,0.875,1.0,1.0,0.625,0.875,1.0,0.5,0.375,0.75
have.5908,0.875,0.5,0.0,0.375,0.0,1.0,0.625,1.0,0.5,0.625,1.0,0.25,0.75,0.75
have.5934,0.0,0.375,0.25,0.375,0.0,0.875,0.625,0.8571428571428571,0.875,0.375,0.0,0.0,0.875,0.625
have.6075,0.0,0.0,0.0,0.375,0.5,0.0,0.0,1.0,0.5,0.0,0.0,0.0,0.0,0.5
have.6077,0.375,0.5,0.25,0.5,0.0,0.75,0.875,1.0,0.75,0.5,0.5,0.5,0.625,0.625
have.6078,0.0,0.125,0.125,0.375,0.0,0.875,0.875,1.0,0.5,0.125,0.375,0.0,0.25,0.75
have.6094,0.375,0.125,0.125,0.25,0.0,1.0,0.5,1.0,0.5,0.125,0.375,0.375,0.125,0.875
have.6119,0.25,0.5,0.375,0.5,0.0,0.625,0.125,1.0,0.25,0.5,0.0,0.25,0.25,0.875
have.6172,0.0,0.25,0.25,0.25,0.0,0.75,0.75,1.0,0.125,0.0,0.0,0.0,0.0,0.875
have.6204,0.0,0.25,0.0,0.25,0.0,0.5,0.5,1.0,0.0,0.0,0.0,0.0,0.0,1.0
have.6238,0.0,0.25,0.625,0.375,0.0,1.0,0.625,1.0,0.375,0.0,0.375,0.0,0.375,0.625
have.6353,0.5,1.0,0.0,0.375,0.375,0.0,0.0,1.0,0.5,0.375,1.0,0.0,0.0,0.875
have.6485,1.0,0.875,0.0,0.875,0.75,1.0,1.0,1.0,0.75,0.5,0.875,0.875,1.0,1.0
have.6792,0.5,0.0,0.0,0.25,0.0,0.5,0.5,1.0,0.5,0.0,0.5,0.5,0.125,0.5
have.6839,0.5,0.25,0.25,0.5,0.375,0.625,0.25,0.5714285714285714,0.25,0.125,0.125,0.125,0.25,0.5
have.6850,0.875,0.625,0.125,0.375,0.0,0.125,0.125,1.0,0.5,0.5,1.0,1.0,0.375,0.875
have.6854,0.5,0.0,0.0,0.75,0.5,1.0,0.5,1.0,0.5,0.0,0.5,0.5,0.5,1.0
have.6892,0.5,0.875,0.25,0.75,0.5,0.625,0.125,1.0,0.5,0.0,0.375,0.25,0.375,0.875
have.6914,0.0,0.375,0.0,0.375,0.375,1.0,1.0,1.0,0.375,0.375,0.0,0.0,0.125,0.875
have.6920,0.0,0.0,0.5,0.625,0.5,0.875,1.0,1.0,0.75,0.75,0.0,0.125,0.0,0.75
have.6931,0.0,0.125,0.5,0.5,0.375,1.0,0.125,0.7142857142857143,0.375,0.125,0.0,0.0,0.375,1.0
have.7191,0.625,0.625,0.25,0.75,0.875,0.625,0.625,1.0,0.125,0.25,1.0,0.0,0.25,0.5
have.726,0.125,0.125,0.125,0.5,0.5,0.625,0.125,0.5714285714285714,0.5,0.0,0.0,0.0,0.125,0.625
have.7264,0.0,0.25,0.25,0.25,0.0,1.0,1.0,1.0,0.0,0.0,0.0,0.0,0.0,0.5
have.7266,0.0,0.5,0.25,0.25,0.0,0.0,0.25,1.0,0.5,0.0,0.0,0.0,0.0,1.0
have.7336,0.75,0.625,0.125,0.25,0.0,1.0,1.0,1.0,0.875,0.625,0.75,0.25,0.875,0.75
have.7394,1.0,1.0,0.0,0.625,0.375,1.0,1.0,1.0,0.625,0.5,1.0,0.875,0.875,0.875
have.7406,0.0,0.0,0.0,0.0,0.0,0.5,0.25,1.0,0.5,0.0,0.0,0.0,0.0,1.0
have.7412,0.0,0.875,0.75,0.125,0.0,0.875,0.625,0.8571428571428571,0.375,0.375,0.0,0.0,0.375,0.875
have.744,0.0,0.375,0.375,0.375,0.0,1.0,0.625,1.0,0.875,0.25,0.375,0.0,0.25,0.875
have.7487,0.875,0.5,0.0,0.375,0.0,0.75,0.875,1.0,0.0,0.0,1.0,0.125,0.125,1.0
have.7575,0.0,0.5,0.0,0.25,0.0,0.25,0.25,1.0,0.5,0.0,0.0,0.0,0.0,1.0
have.7595,0.0,0.125,0.125,0.5,0.375,0.625,0.125,0.5714285714285714,0.125,0.125,0.0,0.0,0.125,0.125
have.7679,0.25,0.5,0.0,0.375,0.0,0.875,0.5,0.8571428571428571,0.75,0.125,0.0,0.0,0.25,0.875
have.7746,0.125,0.25,0.375,0.25,0.0,0.625,0.625,0.5714285714285714,0.5,0.25,0.125,0.125,0.25,0.5
have.7774,0.0,0.75,0.875,0.875,0.75,0.75,1.0,1.0,0.0,0.125,0.0,0.0,0.125,0.875
have.7777,0.0,0.25,0.25,0.625,0.375,1.0,1.0,1.0,0.375,0.375,0.0,0.125,0.375,0.875
have.7856,0.0,0.5,0.25,0.375,0.0,1.0,1.0,1.0,0.375,0.125,0.0,0.0,0.125,0.625
have.7859,0.0,0.25,0.0,0.625,0.5,1.0,0.875,1.0,0.375,0.125,0.375,0.0,0.375,0.875
have.7863,0.0,0.375,0.375,0.875,0.875,1.0,0.5,1.0,0.0,0.375,0.0,0.5,0.0,1.0
have.7867,0.375,0.75,0.125,0.25,0.0,0.5,0.0,1.0,0.375,0.0,1.0,0.0,0.375,0.5
have.7954,0.0,0.125,0.125,0.125,0.0,0.125,0.125,1.0,0.125,0.125,0.0,0.125,0.125,0.625
have.7967,0.125,0.125,0.125,0.125,0.0,0.125,0.125,0.0,0.125,0.125,0.0,0.125,0.125,0.625
have.8012,0.875,0.75,0.5,0.875,1.0,0.75,0.75,1.0,0.625,0.0,1.0,0.0,0.625,1.0
have.8053,0.125,0.75,0.5,0.375,0.0,0.875,0.875,0.8571428571428571,0.5,0.125,0.125,0.125,0.125,0.5
have.8064,0.0,0.25,0.125,0.625,0.375,0.75,0.875,1.0,0.875,0.125,0.125,0.125,0.125,1.0
have.817,0.0,0.0,0.375,0.25,0.0,0.375,0.25,0.5714285714285714,0.125,0.25,0.0,0.0,0.125,0.625
have.8183,0.0,0.25,0.125,0.375,0.0,1.0,0.625,1.0,0.75,0.25,0.125,0.0,0.125,0.875
have.8214,0.5,0.0,0.0,0.25,0.0,1.0,1.0,1.0,0.875,0.5,0.0,1.0,0.875,1.0
have.8269,0.625,0.375,0.25,0.375,0.0,0.75,0.75,1.0,0.5,0.125,0.875,0.125,0.375,0.375
have.8295,1.0,0.75,0.75,0.5,0.0,0.875,0.875,1.0,0.625,0.0,0.875,0.125,0.75,1.0
have.8411,0.0,0.25,0.25,0.625,0.5,0.25,0.0,1.0,0.75,0.25,0.0,0.0,0.25,1.0
have.8412,0.0,0.25,0.0,0.25,0.0,1.0,0.25,1.0,0.625,0.125,0.0,0.0,0.625,0.875
have.8415,0.0,0.375,0.125,0.375,0.0,1.0,1.0,1.0,0.75,0.25,0.0,0.0,0.375,0.5
have.8424,0.625,0.125,0.125,0.125,0.0,0.625,0.625,1.0,0.875,0.125,0.375,0.375,0.625,0.625
have.847,0.5,0.5,0.375,0.875,0.75,0.75,1.0,1.0,0.5,0.375,0.0,0.5,0.5,0.625
have.8545,0.0,0.0,0.0,0.25,0.0,0.0,0.0,0.5714285714285714,0.0,0.0,0.0,0.0,0.0,0.5
have.8546,0.0,0.25,0.5,0.625,0.375,0.625,0.625,1.0,0.125,0.625,0.0,0.0,0.375,0.875
have.8549,0.75,0.625,0.125,0.625,0.5,0.375,0.5,0.8571428571428571,0.875,0.375,0.75,0.375,0.375,0.875
have.8585,0.0,0.0,0.0,0.0,0.0,0.25,0.0,1.0,0.375,0.0,0.0,0.0,0.0,0.875
have.8619,0.5,0.0,0.0,0.0,0.0,0.5,0.5,1.0,0.5,0.0,0.0,0.0,0.0,0.5
have.8693,0.875,0.625,0.625,0.625,0.375,0.875,0.875,1.0,0.75,0.0,0.75,0.0,0.625,0.875
have.8761,0.0,0.25,0.0,0.0,0.0,1.0,1.0,1.0,0.5,0.0,0.5,0.0,0.0,0.5
have.8781,0.5,0.625,0.125,0.5,0.0,1.0,0.5,1.0,0.375,0.125,0.5,0.25,0.625,0.5
have.8854,0.0,0.25,0.0,0.375,0.0,0.5,0.5,1.0,0.0,0.0,0.0,0.0,0.0,1.0
have.8882,0.5,0.0,0.0,0.0,0.0,1.0,0.5,1.0,1.0,0.5,0.0,0.5,0.5,1.0
have.8883,0.0,0.0,0.0,0.0,0.0,0.5,0.5,1.0,1.0,0.5,0.0,0.0,0.5,1.0
have.8884,0.0,0.0,0.0,0.375,0.0,0.125,0.75,1.0,0.0,0.0,0.0,0.0,0.0,0.875
have.8979,0.75,0.75,0.5,0.75,0.75,1.0,1.0,1.0,0.625,0.125,0.5,0.25,0.75,0.5
have.9044,0.125,1.0,0.125,0.125,0.0,0.625,0.125,1.0,0.625,0.125,0.0,0.125,0.125,1.0
have.910,1.0,0.75,0.0,0.25,0.0,0.5,0.0,1.0,1.0,0.25,0.875,0.5,0.625,0.5
have.9214,0.75,0.375,0.375,0.375,0.0,0.75,0.875,1.0,0.375,0.0,0.75,0.0,0.125,0.75
have.9216,0.0,0.125,0.375,0.75,0.75,0.25,0.0,1.0,0.25,0.125,0.0,0.0,0.0,0.875
have.9243,0.375,0.75,0.125,0.625,0.375,0.75,0.875,1.0,0.375,0.125,0.75,0.125,0.75,1.0
have.9248,0.125,0.25,0.125,0.125,0.0,0.875,0.625,0.8571428571428571,0.5,0.0,0.125,0.125,0.375,0.625
have.9265,0.0,0.0,0.25,0.125,0.0,1.0,0.875,1.0,0.375,0.125,1.0,0.0,0.5,0.875
have.9303,0.75,0.625,0.25,0.5,0.375,1.0,1.0,1.0,0.5,0.5,0.875,0.125,0.75,0.875
have.9351,0.0,0.375,0.0,0.5,0.5,0.75,1.0,1.0,1.0,0.5,0.0,0.0,0.0,1.0
have.9356,0.0,0.25,0.375,0.25,0.0,0.25,0.875,1.0,0.5,0.25,0.5,0.0,0.0,1.0
have.9423,0.0,0.25,0.0,0.0,0.0,0.5,0.375,0.42857142857142855,0.0,0.5,0.0,0.0,0.0,0.875
have.9428,0.5,0.25,0.0,0.0,0.0,0.75,1.0,1.0,0.125,0.0,0.5,0.125,0.375,0.5
have.9454,0.0,0.0,0.0,0.375,0.0,0.5,0.75,1.0,0.125,0.25,0.0,0.0,0.125,0.875
have.9466,1.0,0.5,0.375,0.375,0.5,0.75,1.0,1.0,0.625,0.0,0.875,0.0,0.75,0.5
have.9509,0.125,0.5,0.5,0.5,0.5,1.0,1.0,0.8571428571428571,0.75,0.375,0.5,0.5,0.375,0.75
have.9514,0.125,0.5,0.25,0.5,0.5,0.625,0.875,1.0,0.5,0.0,0.75,0.0,0.0,0.75
have.958,0.0,0.125,0.0,0.0,0.0,0.5,0.5,1.0,0.5,0.0,0.0,0.0,0.0,0.5
have.9603,0.0,0.25,0.5,0.75,0.25,1.0,0.5,1.0,0.125,0.375,0.0,0.0,0.125,0.875
have.9631,0.0,0.5,0.0,0.5,0.5,0.125,0.0,1.0,0.0,0.0,0.0,0.0,0.0,0.25
have.9632,0.0,0.25,0.375,0.5,0.0,0.875,0.875,1.0,0.75,0.25,0.0,0.0,0.25,0.875
have.9705,0.125,0.0,0.0,0.125,0.0,0.875,1.0,1.0,0.875,0.0,0.125,0.0,0.375,0.625
have.9720,0.0,0.25,0.0,0.0,0.0,0.0,0.0,1.0,0.0,0.5,0.0,0.0,0.0,1.0
have.9723,0.875,0.25,0.0,0.75,0.5,1.0,0.0,1.0,1.0,0.875,1.0,0.375,0.0,1.0
have.9940,0.125,0.375,0.25,0.5,0.0,0.375,0.375,0.8571428571428571,0.375,0.125,0.0,0.0,0.125,0.5
have.9961,0.0,0.625,0.625,0.75,0.5,1.0,1.0,1.0,0.0,1.0,0.0,0.0,0.0,1.0
have.9973,0.0,0.0,0.125,0.25,0.0,0.625,0.625,0.8571428571428571,0.375,0.25,0.0,0.0,0.75,0.375
hear.12155,0.0,0.25,0.0,0.5,0.5,0.0,0.5,1.0,1.0,0.625,0.0,0.0,0.0,0.5
hear.12423,0.5,0.5,0.0,0.0,0.0,1.0,1.0,1.0,1.0,0.5,0.0,0.5,0.5,1.0
highlight.4734,0.0,0.0,0.25,0.25,0.0,1.0,1.0,1.0,0.5,0.375,0.0,0.0,0.0,0.75
hit.11125,0.0,0.25,0.25,0.25,0.0,1.0,1.0,1.0,0.25,0.25,0.0,0.0,0.25,1.0
hit.5799,0.0,0.0,0.0,0.0,0.0,0.5,0.0,1.0,0.5,0.0,0.0,0.0,0.0,1.0
hold.135,0.0,0.25,0.125,0.75,0.5,0.125,0.125,1.0,0.375,0.25,0.0,0.0,0.375,0.875
hold.262,0.0,0.25,0.0,0.375,0.375,0.5,0.5,1.0,0.75,0.0,0.0,0.875,0.875,0.5
hold.6865,0.0,0.25,0.375,0.5,0.0,0.875,0.875,1.0,0.75,0.0,0.5,0.0,0.5,0.875
hold.6910,0.0,0.5,0.5,0.375,0.375,0.5,0.75,1.0,0.375,0.0,0.0,0.0,0.125,1.0
identify.495,0.25,0.5,0.25,0.375,0.0,1.0,1.0,1.0,0.5,0.0,1.0,0.125,0.125,0.5
implicate.480,0.75,0.75,0.0,0.125,0.0,1.0,1.0,1.0,0.75,0.75,1.0,0.375,0.375,0.5
include.1359,0.0,0.0,0.0,0.625,0.375,0.875,0.75,1.0,0.5,0.625,0.0,0.25,0.125,1.0
include.1365,0.0,0.375,0.375,0.0,0.0,0.875,0.875,0.8571428571428571,0.0,0.0,0.0,0.0,0.0,0.5
include.1374,0.375,0.375,0.375,0.5,0.0,0.75,0.625,1.0,0.5,0.25,0.5,0.375,0.375,1.0
include.1515,0.5,0.375,0.375,0.25,0.0,0.75,0.875,1.0,0.75,0.625,1.0,0.5,0.125,0.5
include.3594,0.75,0.125,0.125,0.125,0.0,1.0,1.0,1.0,0.75,0.75,0.375,0.75,0.625,0.5
include.4592,0.0,0.25,0.25,0.25,0.0,0.75,0.75,1.0,0.0,0.625,0.0,0.0,0.0,0.5
include.499,0.0,0.0,0.125,0.125,0.0,0.5,0.0,0.42857142857142855,0.125,0.375,0.0,0.0,0.125,0.5
include.5463,0.0,0.0,0.0,0.125,0.0,1.0,1.0,1.0,0.375,0.875,0.0,0.0,0.125,0.375
include.5739,1.0,0.375,0.0,0.375,0.0,1.0,1.0,1.0,0.5,0.125,0.875,0.75,0.75,1.0
include.5927,0.0,0.25,0.25,0.25,0.0,1.0,0.25,1.0,0.25,0.25,0.0,0.375,0.25,0.875
include.6414,0.0,0.375,0.125,0.875,0.875,1.0,1.0,1.0,0.5,0.75,0.5,0.0,0.375,1.0
include.6432,0.75,0.875,0.75,0.875,0.625,0.75,0.625,0.8571428571428571,0.875,0.625,0.875,0.5,0.875,0.875
include.6433,0.125,0.625,0.25,0.75,0.5,1.0,1.0,1.0,0.875,0.875,0.5,0.125,0.625,1.0
include.6562,0.0,0.25,0.25,0.375,0.375,1.0,1.0,1.0,0.375,0.25,0.0,0.0,0.25,1.0
include.6851,1.0,0.5,0.125,0.625,0.5,0.625,1.0,1.0,0.25,0.125,1.0,0.625,0.375,0.625
include.9488,0.5,0.625,0.25,0.25,0.0,0.75,0.75,1.0,0.5,0.125,0.5,0.5,0.5,1.0
include.9608,0.0,0.25,0.125,0.75,0.5,1.0,1.0,1.0,0.625,0.5,0.0,0.0,0.25,0.875
incorporate.3847,0.0,0.0,0.0,0.625,0.375,1.0,1.0,1.0,0.75,0.625,0.0,0.0,0.375,0.625
increase.5834,0.25,0.0,0.0,1.0,0.75,1.0,1.0,1.0,0.25,0.625,0.0,0.25,0.5,0.75
increase.6206,0.125,0.125,0.125,0.75,0.5,0.875,0.875,1.0,0.125,0.375,0.0,0.125,0.625,0.5
inform.2324,1.0,0.25,0.125,0.625,0.375,1.0,1.0,1.0,0.625,0.0,1.0,0.875,0.875,1.0
inform.4192,1.0,0.75,0.0,0.5,0.375,1.0,1.0,1.0,0.75,0.5,0.75,1.0,0.875,1.0
interview.10491,1.0,0.25,0.0,0.625,0.25,1.0,1.0,1.0,0.875,0.375,1.0,1.0,1.0,1.0
interview.11297,1.0,0.125,0.125,0.0,0.0,1.0,1.0,1.0,0.375,0.125,1.0,1.0,0.125,1.0
introduce.5443,0.0,0.25,0.25,0.25,0.0,1.0,0.125,1.0,0.25,0.25,0.0,0.0,0.875,1.0
invite.1701,0.625,0.75,0.375,0.5,0.375,1.0,1.0,1.0,0.125,0.0,1.0,0.375,0.625,0.125
issue.2213,0.0,0.75,0.75,0.125,0.0,1.0,0.875,1.0,0.125,0.125,0.0,0.0,0.0,1.0
join.353,1.0,0.25,0.0,0.375,0.375,1.0,0.875,1.0,0.375,0.625,0.5,1.0,0.5,0.5
join.4648,0.375,0.375,0.0,0.375,0.375,0.875,0.875,0.8571428571428571,0.5,0.5,0.0,0.5,0.75,0.5
keep.10716,1.0,0.375,0.0,0.375,0.375,1.0,1.0,1.0,0.875,0.125,1.0,1.0,1.0,0.875
keep.5604,0.0,0.25,0.25,0.125,0.0,1.0,1.0,1.0,0.0,0.125,0.0,0.0,0.125,0.625
keep.6127,0.25,0.75,0.25,0.25,0.0,1.0,1.0,1.0,0.5,0.0,1.0,0.0,0.0,0.0
keep.9340,0.375,0.25,0.125,0.625,0.5,1.0,1.0,1.0,0.625,0.5,0.125,0.5,1.0,1.0
kill.11323,0.875,0.375,0.0,1.0,0.75,0.5,1.0,0.8571428571428571,0.0,0.0,0.75,0.0,0.0,1.0
kill.1154,0.875,0.75,0.375,0.875,0.875,0.375,0.875,0.7142857142857143,0.375,0.75,0.875,0.125,0.375,0.75
kill.1207,0.5,0.5,0.0,1.0,1.0,0.5,1.0,1.0,0.25,0.125,1.0,0.0,0.0,0.5
kill.18,0.625,0.25,0.125,0.875,1.0,0.0,1.0,1.0,0.125,0.0,1.0,0.125,0.0,0.625
kill.5129,0.0,0.125,0.125,0.875,0.625,0.125,1.0,0.8571428571428571,0.375,0.125,0.0,0.0,0.25,0.125
know.10143,0.0,0.375,0.125,0.375,0.125,1.0,1.0,1.0,0.125,0.375,0.125,0.125,0.375,0.875
know.10614,0.0,0.375,0.375,0.125,0.0,1.0,1.0,1.0,0.625,1.0,0.0,0.0,0.125,1.0
know.10628,0.5,0.625,0.5,0.625,0.25,1.0,0.875,1.0,0.875,1.0,0.5,0.5,0.625,0.375
know.12076,0.25,0.2142857142857143,0.0,0.07142857142857145,0.0,0.9285714285714286,1.0,1.0,0.6785714285714286,0.2857142857142857,0.2142857142857143,0.25,0.3928571428571429,0.75
know.7969,0.375,0.0,0.0,0.5,0.5,0.0,1.0,0.42857142857142855,0.5,0.0,1.0,0.0,0.0,0.5
laud.4650,1.0,0.125,0.25,0.5,0.5,1.0,1.0,1.0,1.0,0.125,1.0,0.125,0.5,0.5
launch.22,0.0,0.375,0.125,0.875,0.375,0.875,0.5,1.0,0.125,0.125,0.625,0.0,0.375,0.375
launch.594,0.75,0.375,0.5,0.75,0.75,1.0,1.0,1.0,0.625,0.75,0.0,0.5,0.25,0.875
launch.6126,1.0,1.0,0.0,0.875,1.0,1.0,0.625,1.0,0.875,0.0,0.0,1.0,0.375,1.0
launch.6131,0.0,1.0,0.0,0.875,1.0,1.0,1.0,1.0,0.0,0.0,0.0,0.0,0.0,1.0
lay.8292,0.0,1.0,0.0,0.875,1.0,1.0,1.0,1.0,0.0,0.25,0.0,0.0,1.0,1.0
lead.4522,0.5,0.5,0.0,0.625,0.5,1.0,1.0,1.0,1.0,0.125,0.5,0.5,0.5,1.0
lead.757,0.75,0.625,0.375,0.625,0.375,1.0,1.0,1.0,0.5,0.125,1.0,0.875,0.625,0.75
lead.980,1.0,0.625,0.125,0.25,0.0,1.0,1.0,1.0,0.875,0.125,1.0,0.75,0.625,0.375
leave.10656,0.0,0.0,0.0,0.0,0.0,1.0,1.0,1.0,0.0,0.0,0.0,0.0,0.0,1.0
leave.11006,0.25,0.25,0.25,0.25,0.0,1.0,0.5,1.0,0.75,0.25,0.0,0.25,0.0,0.25
leave.11106,0.0,0.0,0.0,0.0,0.0,0.375,0.5,0.42857142857142855,0.0,0.125,0.0,0.0,0.0,0.5
leave.3268,0.0,0.375,0.5,1.0,0.5,1.0,0.0,0.8571428571428571,0.125,0.125,0.0,0.0,0.125,1.0
leave.3877,0.125,0.625,0.0,0.125,0.0,1.0,1.0,1.0,0.5,0.25,0.75,0.0,0.5,0.5
leave.599,0.375,0.0,0.125,0.125,0.0,1.0,1.0,1.0,0.375,0.875,0.0,0.0,0.0,1.0
leave.781,0.0,0.0,0.25,0.5,0.125,1.0,1.0,1.0,0.25,0.125,0.375,0.0,0.25,0.25
leave.836,0.0,0.0,0.5,0.0,0.0,1.0,0.0,1.0,0.0,0.5,0.0,0.0,0.0,1.0
leave.9312,0.875,0.5,0.375,0.75,0.75,1.0,1.0,1.0,0.375,0.5,1.0,0.375,0.375,0.5
let.12283,1.0,0.5,0.0,1.0,1.0,1.0,1.0,1.0,0.25,0.0,1.0,0.25,0.0,1.0
like.532,0.25,0.25,0.25,0.5,0.0,0.75,0.75,0.7142857142857143,0.75,0.625,0.25,0.25,0.75,0.25
like.8234,0.625,0.625,0.0,0.5,0.375,1.0,1.0,1.0,0.625,0.625,0.875,0.25,0.125,0.5
like.8876,0.75,0.75,0.125,0.125,0.0,1.0,1.0,1.0,1.0,0.5,1.0,0.5,0.5,0.5
like.9874,0.0,0.5,0.5,0.625,0.375,0.75,0.75,0.7142857142857143,0.625,0.375,0.0,0.375,0.25,0.625
list.1873,0.0,0.0,0.0,0.75,0.5,1.0,1.0,1.0,0.625,0.5,0.0,0.0,0.0,1.0
list.7818,0.375,0.125,0.375,0.375,0.0,1.0,1.0,1.0,0.5,0.75,0.0,0.5,0.5,0.5
love.10021,0.125,0.375,0.125,0.0,0.0,1.0,1.0,1.0,1.0,0.125,0.5,0.125,0.125,0.5
love.10032,0.375,0.25,0.25,0.375,0.0,1.0,1.0,1.0,0.875,0.75,0.5,0.375,0.375,0.5
love.10079,0.125,0.375,0.375,0.375,0.0,0.875,1.0,1.0,0.75,0.375,0.0,0.0,0.5,0.75
love.10163,0.625,0.375,0.625,0.625,0.375,1.0,1.0,1.0,1.0,0.75,0.625,0.625,1.0,0.875
love.10396,0.0,0.0,0.0,0.125,0.0,1.0,1.0,1.0,0.875,0.25,0.0,0.0,0.5,0.375
love.10616,0.0,0.5,0.625,0.625,0.25,1.0,1.0,1.0,0.125,0.375,0.0,0.125,0.0,0.125
love.10679,0.0,0.125,0.125,0.125,0.0,0.875,0.875,1.0,0.875,0.125,0.0,0.0,0.125,0.875
love.10730,0.375,0.25,0.0,0.0,0.0,1.0,1.0,1.0,0.5,0.0,1.0,0.0,0.5,0.0
love.10758,0.625,0.125,0.0,0.375,0.375,1.0,1.0,1.0,0.625,0.625,0.0,0.625,0.5,0.375
love.10997,0.0,0.0,0.25,0.0,0.0,1.0,1.0,1.0,0.75,0.5,0.0,0.0,0.0,0.375
love.11721,0.0,0.875,0.875,0.125,0.0,1.0,1.0,1.0,1.0,0.75,0.0,0.0,0.0,0.5
love.12009,0.25,0.375,0.375,0.125,0.0,0.875,1.0,1.0,0.75,0.375,0.0,0.25,0.125,0.75
love.6080,0.875,0.75,0.125,0.625,0.375,1.0,1.0,1.0,1.0,0.125,1.0,0.625,0.75,1.0
love.6081,0.75,0.25,0.25,0.375,0.375,1.0,1.0,1.0,1.0,0.0,1.0,0.25,0.625,0.5
love.6082,1.0,0.625,0.0,0.375,0.375,1.0,1.0,1.0,0.625,0.375,1.0,0.125,0.625,0.5
love.6083,0.625,0.5,0.0,0.0,0.0,0.875,1.0,1.0,0.875,0.25,1.0,0.25,0.375,0.75
love.7322,0.125,0.125,0.125,0.125,0.0,1.0,0.875,0.5714285714285714,0.875,0.25,0.375,0.125,0.875,0.5
love.7344,0.375,0.625,0.625,0.625,0.375,0.75,0.75,1.0,1.0,0.625,0.0,0.125,0.75,0.875
love.7530,0.0,0.25,0.25,0.25,0.0,1.0,1.0,1.0,1.0,0.125,0.0,0.0,0.125,0.625
love.7647,0.375,0.5,0.375,0.375,0.0,0.875,0.875,0.8571428571428571,0.875,0.375,0.25,0.125,0.625,0.875
love.8303,0.75,0.75,0.25,0.25,0.0,0.75,1.0,1.0,0.875,0.125,0.875,0.5,0.5,0.125
love.8788,0.0,0.375,0.5,0.5,0.375,0.5,0.875,0.8571428571428571,0.625,0.25,0.0,0.0,0.25,0.375
love.8872,0.0,0.0,0.0,0.25,0.0,1.0,1.0,1.0,0.5,0.5,0.0,0.0,0.0,1.0
love.9408,0.625,0.375,0.125,0.25,0.0,1.0,1.0,1.0,0.875,0.5,0.75,0.75,0.75,0.5
love.9412,0.75,0.25,0.25,0.25,0.0,1.0,1.0,1.0,0.75,0.25,0.75,0.625,0.75,0.375
love.9883,0.375,0.75,0.5,0.625,0.375,0.75,1.0,1.0,0.5,0.5,0.5,0.0,0.875,0.375
maintain.4579,0.0,0.0,0.0,0.5,0.5,1.0,1.0,1.0,0.0,0.0,0.0,0.0,1.0,0.5
maintain.608,0.0,0.125,0.375,0.875,0.875,0.5,0.125,1.0,0.625,0.125,0.0,0.0,0.625,0.625
make.10542,0.375,0.375,0.0,0.375,0.375,0.75,0.875,1.0,0.875,0.25,0.375,0.0,0.0,0.75
make.10625,0.0,0.0,0.0,0.0,0.0,1.0,0.0,1.0,0.5,0.5,0.0,0.0,0.0,1.0
make.10641,0.5,0.0,0.0,0.375,0.5,0.5,0.125,0.8571428571428571,0.5,0.0,0.5,0.375,1.0,0.5
make.10668,1.0,0.0,0.0,0.375,0.375,1.0,1.0,1.0,0.625,0.0,1.0,0.875,1.0,1.0
make.10669,1.0,0.625,0.125,0.5,0.5,1.0,1.0,1.0,0.125,0.25,0.75,0.875,0.875,0.875
make.10913,0.0,0.5,0.75,0.75,0.5,1.0,1.0,1.0,0.25,0.75,0.0,0.0,0.25,0.5
make.11277,0.0,0.375,0.0,0.375,0.5,1.0,0.375,1.0,0.5,0.375,0.0,0.0,0.0,0.5
make.11656,0.0,0.0,0.0,0.375,0.5,1.0,0.0,1.0,1.0,0.25,0.0,0.0,0.0,1.0
make.12140,0.0,0.125,0.125,0.625,0.5,1.0,0.125,1.0,0.5,0.25,0.0,0.0,0.375,0.5
make.3867,0.0,0.125,0.375,0.375,0.375,0.5,0.25,1.0,0.125,0.375,0.0,0.125,0.125,0.5
make.3881,0.0,0.0,0.0,0.25,0.0,1.0,0.0,1.0,0.0,0.0,0.5,0.0,0.0,0.5
make.3959,0.125,0.125,0.125,0.125,0.0,0.875,0.125,0.8571428571428571,0.125,0.125,0.125,0.125,0.375,0.375
make.517,0.375,0.375,0.5,0.375,0.375,0.5,0.0,1.0,1.0,0.875,0.5,0.0,0.0,0.875
make.5375,0.5,0.25,0.0,0.625,0.375,1.0,1.0,0.8571428571428571,0.875,0.125,0.375,0.5,1.0,0.75
make.5445,0.0,0.5,0.0,0.5,0.375,1.0,0.625,1.0,1.0,0.375,0.0,0.125,1.0,0.5
make.580,0.0,0.0,0.0,0.375,0.375,0.75,0.5,1.0,0.5,0.625,0.0,0.0,0.0,0.5
make.6236,0.125,0.375,0.875,0.375,0.375,0.875,1.0,1.0,0.375,0.375,0.125,0.375,0.875,0.375
make.6796,0.0,0.25,0.0,0.75,0.5,1.0,0.0,0.7142857142857143,0.0,0.0,0.0,0.0,0.0,0.625
make.683,1.0,0.375,0.0,1.0,1.0,0.75,0.5,1.0,1.0,0.0,1.0,1.0,1.0,1.0
make.7472,1.0,0.25,0.125,0.875,1.0,1.0,1.0,1.0,0.5,0.375,1.0,0.75,1.0,0.5
make.7509,0.0,0.0,0.0,0.625,0.375,1.0,0.0,1.0,1.0,0.0,0.0,0.0,0.375,0.25
make.9962,0.875,0.5,0.0,0.375,0.0,1.0,1.0,1.0,0.0,0.0,1.0,0.25,0.625,1.0
mark.5954,0.0,0.125,0.0,0.125,0.0,0.875,0.375,0.8571428571428571,0.625,0.125,0.0,0.0,0.125,0.625
marry.887,1.0,0.375,0.125,0.5,0.5,1.0,1.0,1.0,0.875,0.875,1.0,0.625,0.75,1.0
mean.1038,0.0,0.25,0.25,0.25,0.0,1.0,1.0,1.0,1.0,0.0,0.0,0.0,0.25,0.5
mean.11798,0.0,0.0,0.0,0.0,0.0,0.5,1.0,1.0,1.0,1.0,0.0,0.0,0.0,0.5
mean.1557,0.0,0.125,0.25,0.75,0.5,0.5,1.0,1.0,0.75,0.25,0.0,0.0,0.25,0.75
mean.8370,0.0,0.25,0.0,0.625,0.375,0.5,0.5,1.0,0.5,0.125,0.0,0.0,0.5,0.5
mean.8773,0.0,0.0,0.0,0.5,0.0,0.875,0.375,0.8571428571428571,0.375,0.25,0.0,0.0,0.0,0.375
meet.1258,0.5,0.125,0.125,0.125,0.0,1.0,1.0,1.0,0.875,0.875,1.0,0.625,0.5,0.875
meet.3999,1.0,0.375,0.0,0.375,0.375,1.0,1.0,1.0,0.875,0.0,1.0,1.0,0.875,1.0
melt.8589,0.0,0.625,0.625,1.0,1.0,1.0,1.0,1.0,0.125,0.375,0.0,0.0,0.125,0.875
mention.64,0.0,0.125,0.125,0.125,0.0,1.0,1.0,1.0,0.375,1.0,0.0,0.0,0.0,1.0
mention.9048,0.25,0.375,0.375,0.5,0.0,0.75,0.875,0.8571428571428571,1.0,0.375,0.0,0.25,0.625,0.625
need.10323,0.0,0.0,0.0,0.25,0.0,0.75,0.5,0.42857142857142855,0.375,0.0,0.0,0.0,0.0,0.0
need.11477,0.0,0.375,0.5,0.125,0.0,0.875,0.875,1.0,0.5,0.0,0.0,0.125,0.125,0.375
need.1304,0.375,0.0,0.0,0.0,0.0,1.0,0.75,1.0,0.875,0.625,0.0,0.0,0.5,1.0
need.160,0.25,0.25,0.15000000000000002,0.25,0.0,0.8999999999999999,0.8999999999999999,0.8857142857142856,0.25,0.25,0.7,0.25,0.15000000000000002,0.15000000000000002
need.2822,0.0,0.125,0.125,0.0,0.0,0.75,0.75,0.7142857142857143,0.25,0.0,0.0,0.0,0.0,0.5
need.2848,0.0,0.0,0.375,0.25,0.0,0.375,0.5,0.42857142857142855,0.0,0.0,0.0,0.0,0.0,0.5
need.2856,0.0,0.0,0.0,0.125,0.0,1.0,1.0,1.0,0.5,0.25,0.0,0.5,0.0,0.5
need.3462,0.125,0.5,0.5,0.25,0.0,0.625,0.875,0.8571428571428571,0.75,0.5,0.0,0.0,0.75,0.75
need.4872,0.125,0.0,0.25,0.375,0.0,1.0,0.625,1.0,0.0,0.75,0.0,0.0,0.125,0.5
need.502,0.375,0.25,0.0,0.0,0.0,1.0,1.0,1.0,0.0,0.0,1.0,0.125,0.375,0.375
need.7581,0.125,0.125,0.375,0.375,0.375,0.875,0.875,0.8571428571428571,0.375,0.875,0.125,0.125,0.125,0.875
need.7901,0.0,0.0,0.0,0.375,0.375,0.25,0.625,1.0,1.0,0.125,0.0,0.0,0.5,0.5
need.8489,0.125,0.5,0.5,0.625,0.125,1.0,0.875,0.8571428571428571,0.5,0.125,0.75,0.125,0.5,0.625
need.8928,0.0,0.25,0.375,0.625,0.375,1.0,1.0,1.0,0.125,0.875,0.0,0.0,0.5,0.875
notice.12421,0.0,0.125,0.0,0.625,0.5,1.0,1.0,1.0,1.0,1.0,0.0,0.0,0.125,1.0
notify.4765,1.0,0.375,0.0,0.75,0.875,1.0,1.0,1.0,0.375,0.0,1.0,0.75,0.875,0.5
obligate.3805,0.5,0.25,0.0,0.25,0.0,1.0,1.0,1.0,0.375,0.125,0.5,1.0,0.375,0.875
offer.10157,0.04999999999999999,0.5,0.8999999999999999,0.4,0.30000000000000004,0.8,0.6,1.0,0.4,0.6,0.15000000000000002,0.04999999999999999,0.25,0.95
offer.10945,0.5,0.125,0.375,0.375,0.0,0.5,0.5,1.0,0.5,0.25,0.125,0.375,0.375,0.875
offer.11370,0.0,0.375,0.375,0.625,0.375,0.875,0.875,1.0,0.75,0.75,0.0,0.0,0.5,1.0
offer.11876,0.0,0.125,0.125,0.125,0.0,0.625,0.625,0.5714285714285714,0.75,0.0,0.375,0.0,0.0,0.375
offer.122,0.5,0.25,0.0,0.5,0.5,1.0,1.0,1.0,0.5,0.0,0.0,0.5,0.5,1.0
offer.9595,0.125,0.125,0.125,0.375,0.0,0.875,0.875,0.8571428571428571,0.75,0.5,0.125,0.125,0.5,0.875
offer.9598,0.0,0.75,0.75,0.75,0.5,0.625,1.0,1.0,0.25,0.375,0.0,0.0,0.375,0.875
oppose.6054,0.0,0.0,0.0,0.0,0.0,1.0,1.0,1.0,0.75,0.25,0.0,0.0,0.0,0.5
order.10312,0.0,0.625,1.0,0.875,0.875,1.0,0.875,0.8571428571428571,0.5,0.75,0.0,0.0,0.375,0.375
order.10594,0.0,0.5,0.5,0.75,0.5,1.0,0.875,0.8571428571428571,0.125,0.375,0.0,0.0,0.125,0.0
order.11651,0.5,1.0,1.0,0.75,0.5,1.0,1.0,1.0,0.5,0.0,0.0,0.0,0.375,0.5
order.12308,0.0,0.25,0.375,0.0,0.0,1.0,0.75,0.7142857142857143,0.375,0.0,0.0,0.0,0.0,0.0
overtake.5936,0.875,0.0,0.0,0.75,0.75,1.0,1.0,1.0,0.75,0.375,0.0,0.375,0.25,0.5
owe.153,0.375,0.125,0.125,0.125,0.0,0.375,0.375,0.2857142857142857,0.375,0.125,0.125,0.125,0.125,0.125
pay.10045,0.0,0.875,1.0,0.625,0.375,1.0,1.0,1.0,0.375,0.375,0.0,0.0,0.0,0.875
pay.11631,0.0,0.125,0.25,0.625,0.125,0.375,1.0,1.0,0.875,0.25,0.375,0.0,0.75,0.5
pay.11657,0.0,1.0,1.0,0.375,0.375,1.0,1.0,1.0,0.375,0.0,0.0,0.0,0.0,1.0
phone.9995,1.0,0.25,0.25,0.25,0.0,1.0,1.0,1.0,0.375,0.875,0.5,1.0,0.75,1.0
plan.10459,0.0,0.125,0.375,0.5,0.5,0.5,0.5,0.5714285714285714,0.375,0.125,0.0,0.0,0.5,0.5
play.1326,0.375,0.375,0.0,0.5,0.0,0.5,0.0,1.0,1.0,0.0,0.0,0.0,0.5,0.0
play.2992,0.0,0.25,0.25,0.25,0.0,1.0,1.0,1.0,1.0,0.25,0.0,0.0,0.625,1.0
play.8165,0.375,0.25,0.125,0.375,0.375,0.625,0.5,1.0,0.5,0.375,0.0,0.0,0.375,1.0
pose.4643,0.0,0.0,0.0,0.625,0.375,0.75,0.5,1.0,0.5,0.75,0.0,0.0,0.75,1.0
precede.264,0.0,0.5,0.25,0.5,0.0,0.75,0.5,0.7142857142857143,0.25,0.625,0.0,0.0,0.5,0.5
prefer.10581,0.375,0.25,0.25,0.25,0.0,1.0,1.0,1.0,0.5,0.375,0.125,0.5,0.875,0.5
prefer.10782,0.0,0.125,0.0,0.625,0.375,1.0,1.0,1.0,0.875,0.375,0.0,0.0,0.125,0.75
present.6028,0.0,0.0,0.0,0.375,0.375,1.0,1.0,1.0,0.5,0.5,0.0,0.0,1.0,1.0
present.89,0.0,0.0,0.25,0.5,0.0,1.0,0.875,1.0,0.625,0.5,0.0,0.0,0.375,1.0
promise.1183,0.5,0.125,0.125,0.75,0.75,1.0,0.875,1.0,0.75,0.5,0.0,0.0,0.625,0.875
provide.1236,0.0,0.125,0.125,0.125,0.0,0.875,0.875,0.8571428571428571,0.375,0.125,0.0,0.0,0.625,0.375
provide.1448,1.0,0.375,0.125,0.5,0.375,1.0,1.0,1.0,0.875,0.0,1.0,0.875,1.0,1.0
provide.6349,0.0,0.75,0.6,0.7,0.6,0.75,1.0,1.0,0.8500000000000001,0.7,0.04999999999999999,0.0,0.15000000000000002,1.0
provide.6351,0.0,0.25,0.25,0.625,0.5,0.75,0.5,1.0,0.875,0.625,0.0,0.0,0.125,0.875
provide.6784,0.0,0.75,0.375,0.625,0.375,1.0,0.625,1.0,0.5,0.0,0.0,0.375,0.625,1.0
provide.6953,0.375,0.125,0.125,0.5,0.5,0.875,0.875,0.8571428571428571,0.875,0.875,0.375,0.375,0.75,1.0
publish.248,0.0,0.375,0.25,0.75,0.75,1.0,1.0,1.0,1.0,0.75,0.0,0.0,0.25,1.0
publish.6390,0.0,0.375,0.375,0.75,0.875,1.0,0.125,1.0,0.0,0.0,0.0,0.0,0.0,1.0
publish.78,0.0,0.5,0.5,1.0,1.0,1.0,0.5,1.0,0.5,0.375,0.0,0.0,0.375,1.0
purchase.10794,0.0,0.875,0.875,0.5,0.0,0.875,0.875,1.0,0.375,0.125,0.0,0.0,0.25,0.375
purchase.11404,0.0,0.875,1.0,0.125,0.0,1.0,1.0,1.0,0.25,0.125,0.0,0.0,0.125,1.0
put.10022,0.0,0.0,0.0,0.5,0.5,1.0,1.0,1.0,0.5,0.0,0.0,0.0,0.25,1.0
put.11081,0.0,0.375,0.0,1.0,1.0,1.0,0.125,1.0,0.0,0.375,0.0,0.0,0.125,0.5
put.11487,0.25,1.0,0.0357142857142857,0.6071428571428571,0.7142857142857143,1.0,1.0,1.0,0.07142857142857145,0.5,0.10714285714285715,0.14285714285714285,0.8571428571428572,0.8214285714285714
put.12460,0.0,0.8571428571428572,0.2857142857142857,0.6428571428571429,0.6428571428571429,0.9642857142857142,1.0,1.0,0.25,0.14285714285714285,0.0,0.0,0.5357142857142857,0.8571428571428572
put.2006,0.0,0.8571428571428572,0.25,0.5,0.5357142857142857,1.0,1.0,1.0,0.14285714285714285,0.6071428571428571,0.0,0.0,0.0,0.7142857142857143
put.6858,0.75,0.0,0.10714285714285715,0.6071428571428571,0.6428571428571429,1.0,1.0,1.0,0.6785714285714286,0.3928571428571429,0.3571428571428571,0.25,0.2142857142857143,0.2857142857142857
quote.575,0.75,0.5,0.0,0.0,0.0,1.0,1.0,1.0,0.5,0.5,0.5,0.75,0.125,1.0
quote.6834,0.375,0.375,0.0,0.25,0.0,1.0,1.0,1.0,0.875,0.375,0.875,0.375,0.375,0.625
rate.10778,0.125,0.25,0.375,0.375,0.0,0.875,0.875,1.0,0.5,0.375,0.125,0.125,0.5,0.875
re-secure.5732,0.125,0.25,0.125,0.875,0.75,0.875,0.875,0.8571428571428571,0.75,0.5,0.125,0.5,0.875,0.875
read.6181,0.0,0.375,0.0,0.0,0.0,1.0,1.0,1.0,0.0,0.0,0.0,0.0,0.0,0.5
recall.1521,0.0,0.625,0.5,0.375,0.0,1.0,1.0,1.0,1.0,0.5,0.0,0.0,0.125,0.875
reccomend.10432,1.0,0.5,0.125,0.5,0.0,1.0,1.0,1.0,0.75,0.125,0.75,1.0,0.5,1.0
receive.2368,0.375,0.25,0.125,0.0,0.0,0.875,0.875,1.0,0.875,0.375,0.5,0.375,0.5,0.5
receive.2620,0.5,0.5,0.625,0.375,0.0,1.0,1.0,1.0,1.0,0.25,0.5,0.375,0.375,1.0
receive.3344,0.0,0.5,1.0,0.75,0.75,1.0,1.0,1.0,0.5,0.0,0.0,0.0,0.75,1.0
receive.389,0.0,0.0,0.375,0.0,0.0,1.0,0.5,1.0,0.5,0.0,0.0,0.0,0.0,0.5
recommend.11183,0.0,0.375,0.375,0.25,0.0,1.0,1.0,1.0,0.875,0.625,0.0,0.0,0.125,1.0
recommend.11256,0.125,0.125,0.125,0.125,0.0,1.0,1.0,1.0,0.375,0.0,0.0,0.125,0.625,0.375
recommend.11653,0.25,0.0,0.0,0.0,0.0,1.0,1.0,1.0,0.875,0.5,0.25,0.0,0.875,0.625
reduce.5827,0.0,0.375,0.25,0.75,0.0,1.0,1.0,1.0,0.375,0.875,0.0,0.0,0.625,0.375
reflect.2226,0.0,0.25,0.25,0.5,0.0,1.0,1.0,1.0,0.625,0.25,0.0,0.0,0.125,0.875
reflect.2241,0.25,0.25,0.25,0.5,0.0,0.75,1.0,1.0,0.375,0.25,0.0,0.25,0.375,0.5
reflect.2261,0.625,0.25,0.0,0.625,0.5,1.0,1.0,1.0,0.625,0.25,0.0,0.125,0.5,0.875
reflect.2480,0.0,0.0,0.0,0.0,0.0,1.0,0.75,1.0,1.0,0.0,0.0,0.0,0.0,0.5
reflect.3440,0.0,0.0,0.0,0.0,0.0,1.0,1.0,1.0,0.0,0.125,0.0,0.0,0.0,1.0
refuse.11635,0.0,0.0,0.0,0.5,0.375,1.0,0.75,1.0,0.5,0.0,0.0,0.0,0.0,1.0
reject.9334,0.0,0.75,0.125,0.875,0.875,0.875,0.875,0.8571428571428571,0.75,0.375,0.0,0.125,0.75,0.25
release.183,0.0,0.0,0.0,0.25,0.0,1.0,0.625,1.0,0.0,0.5,0.0,0.0,0.375,0.875
remember.1211,0.5,0.25,0.0,0.0,0.0,1.0,1.0,1.0,0.5,0.375,0.5,0.125,0.375,1.0
remove.10138,0.125,1.0,0.75,0.75,0.5,0.375,1.0,1.0,0.5,0.25,0.0,0.0,0.25,0.25
renew.4644,0.0,0.125,0.125,0.75,0.5,0.75,1.0,1.0,0.5,0.25,0.0,0.0,0.875,0.875
rent.11714,0.0,0.125,0.375,0.5,0.0,1.0,1.0,1.0,0.0,0.875,0.0,0.0,0.0,0.875
replace.12157,0.0,0.375,0.375,0.625,0.5,1.0,1.0,1.0,1.0,0.375,0.0,0.0,1.0,1.0
report.603,0.5,0.375,0.125,0.5,0.375,0.625,1.0,1.0,0.5,0.625,0.0,0.5,0.5,1.0
represent.5613,0.5,0.375,0.125,0.25,0.0,0.875,0.875,1.0,0.25,0.25,1.0,0.25,0.125,0.25
respect.6057,0.0,0.375,0.0,0.625,0.5,1.0,1.0,1.0,0.75,0.25,0.0,0.0,0.5,1.0
review.2317,0.5,0.125,0.25,0.75,0.5,0.875,1.0,1.0,0.625,0.375,0.5,0.125,0.75,0.625
ring.9889,0.5,0.25,0.25,0.125,0.0,1.0,1.0,1.0,0.125,0.625,0.0,0.0,0.125,0.5
run.12000,0.0,0.5,0.5,0.0,0.0,1.0,1.0,1.0,0.0,0.0,0.0,0.0,0.0,0.625
say.376,0.125,0.125,0.125,0.5,0.375,0.125,0.125,0.5714285714285714,0.125,0.125,0.125,0.125,0.125,0.125
say.9354,0.0,0.0,0.0,0.0,0.0,0.5,0.75,1.0,0.375,0.0,0.0,0.0,0.0,0.375
scare.11603,1.0,0.125,0.125,0.75,0.875,1.0,1.0,1.0,0.25,0.125,1.0,0.25,0.125,0.375
scour.741,0.375,0.0,0.0,0.5,0.0,1.0,1.0,1.0,0.0,0.625,0.0,0.0,0.125,0.5
see.11954,0.0,0.0,0.0,0.375,0.0,1.0,1.0,1.0,0.375,0.375,0.375,0.0,0.0,0.875
see.333,0.125,0.625,0.375,0.375,0.0,0.75,0.75,1.0,0.625,0.125,0.0,0.5,0.375,0.375
see.5404,0.07142857142857145,0.0,0.14285714285714285,0.0,0.0,0.9642857142857142,0.6785714285714286,1.0,0.25,0.14285714285714285,0.14285714285714285,0.0,0.10714285714285715,0.3214285714285714
see.8493,0.0,0.125,0.25,0.0,0.0,1.0,1.0,1.0,0.375,0.625,0.0,0.0,0.125,0.5
see.8697,0.0,0.25,0.25,0.0,0.0,1.0,1.0,1.0,0.5,0.5,0.0,0.0,0.0,0.875
see.919,0.5,0.5,0.25,0.5,0.375,1.0,1.0,1.0,0.625,0.75,1.0,0.25,0.375,1.0
sell.10954,0.0,1.0,1.0,0.25,0.0,1.0,1.0,1.0,0.5,0.5,0.0,0.0,0.0,1.0
send.10904,1.0,1.0,0.375,0.5,0.375,1.0,1.0,1.0,0.5,0.625,0.75,0.875,0.625,0.75
send.10934,1.0,0.875,0.375,0.25,0.0,1.0,1.0,1.0,0.375,0.0,1.0,0.875,0.875,1.0
send.11648,0.0,1.0,0.75,0.75,0.5,1.0,1.0,1.0,0.5,0.25,0.0,0.0,0.375,0.875
send.1523,0.0,1.0,0.875,0.5,0.25,0.625,1.0,1.0,0.375,0.625,0.0,0.0,0.0,1.0
send.1546,0.0,1.0,0.75,0.25,0.0,1.0,1.0,1.0,0.0,0.375,0.0,0.0,0.25,0.5
send.2846,0.0,1.0,1.0,0.25,0.0,1.0,1.0,1.0,0.625,0.125,0.0,0.0,0.75,1.0
show.10699,0.5,0.0,0.0,0.25,0.0,1.0,1.0,1.0,1.0,0.5,0.5,0.5,0.0,1.0
show.12008,0.0,0.5,0.25,0.25,0.0,1.0,1.0,1.0,0.75,0.125,0.0,0.0,0.25,1.0
show.2572,1.0,0.25,0.0,0.625,0.5,1.0,1.0,1.0,0.25,0.375,1.0,0.625,0.875,1.0
show.4253,0.0,0.25,0.0,0.25,0.0,0.5,0.375,0.42857142857142855,0.375,0.0,0.0,0.0,0.125,0.375
show.6396,0.0,0.0,0.0,0.25,0.0,1.0,0.625,1.0,1.0,0.375,0.0,0.0,0.0,0.5
sign.11559,0.0,0.0,0.0,0.0,0.0,1.0,1.0,1.0,0.0,0.75,0.0,0.0,0.0,1.0
sign.507,0.0,0.5,0.125,1.0,1.0,1.0,1.0,1.0,1.0,0.625,0.0,0.0,1.0,1.0
slit.12152,0.0,0.375,0.25,1.0,1.0,1.0,1.0,1.0,0.0,0.875,0.0,0.0,0.125,1.0
solicit.5729,0.375,0.25,0.25,0.375,0.0,0.625,0.625,0.8571428571428571,0.625,0.125,0.125,0.125,0.75,0.875
speak.8224,0.0,0.25,0.0,0.375,0.5,1.0,0.5,1.0,0.0,1.0,0.0,0.0,0.0,1.0
spend.10249,0.0,0.0,0.0,0.0,0.0,0.0,0.0,0.42857142857142855,0.0,0.0,0.0,0.0,0.0,0.875
spend.12312,0.0,1.0,1.0,0.125,0.0,0.875,0.875,1.0,0.75,0.125,0.0,0.0,0.0,0.875
sponsor.1327,0.375,0.875,0.375,0.875,0.625,0.875,1.0,1.0,0.5,0.75,0.5,0.5,0.375,0.875
squeeze.10713,1.0,0.5,0.0,0.875,0.625,1.0,1.0,1.0,0.5,0.0,1.0,0.5,1.0,1.0
state.8318,0.125,0.25,0.25,0.25,0.0,1.0,1.0,1.0,0.25,0.375,0.0,0.125,0.25,0.625
steal.12022,0.0,0.875,1.0,0.625,0.375,1.0,1.0,1.0,0.375,0.75,0.0,0.0,0.5,0.625
study.6391,0.125,0.625,0.125,0.625,0.5,1.0,1.0,1.0,0.375,0.375,0.625,0.125,0.75,0.875
sue.5225,1.0,0.375,0.25,0.625,0.375,0.625,1.0,1.0,0.375,0.375,0.875,0.0,0.0,0.25
suffer.734,0.0,0.0,0.0,0.625,0.5,0.0,0.0,1.0,0.5,0.0,0.0,0.0,0.0,0.0
suggest.5175,0.5,0.125,0.125,0.25,0.0,0.875,1.0,1.0,0.25,0.25,0.0,0.0,0.0,0.375
support.1519,0.0,0.0,0.0,0.25,0.0,0.5,0.5,1.0,0.5,0.0,0.5,0.0,1.0,1.0
surround.5974,0.875,0.5,0.0,0.625,0.375,1.0,1.0,1.0,0.5,0.375,1.0,0.5,0.5,0.375
symbolize.1446,0.5,0.25,0.125,0.375,0.0,0.75,0.875,1.0,0.875,0.5,0.125,0.5,0.75,0.875
symbolize.1555,0.125,0.125,0.125,0.125,0.0,1.0,1.0,1.0,0.375,0.125,0.0,0.375,0.625,0.375
take.10955,0.875,1.0,0.0,0.375,0.375,1.0,1.0,1.0,0.375,0.375,0.75,0.125,0.75,1.0
take.11037,0.25,0.25,0.75,0.75,0.5,0.625,1.0,1.0,1.0,0.25,0.0,0.25,0.5,1.0
take.11325,1.0,1.0,0.5,1.0,0.875,0.375,1.0,1.0,0.125,0.0,0.875,0.125,0.5,1.0
take.11661,0.0,1.0,0.375,0.375,0.0,1.0,1.0,1.0,0.375,0.25,0.0,0.0,0.375,1.0
take.11806,0.0,0.0,0.0,0.0,0.0,1.0,1.0,1.0,0.0,0.0,0.0,0.0,0.0,1.0
take.12010,0.0,0.0,0.0,0.0,0.0,1.0,1.0,1.0,0.0,0.625,0.0,0.0,0.0,0.5
take.12222,0.0,0.75,0.5,0.75,0.5,1.0,1.0,1.0,0.375,0.0,0.0,0.0,0.125,1.0
take.12223,0.0,1.0,0.625,0.375,0.375,1.0,1.0,1.0,0.5,0.0,0.0,0.0,0.0,1.0
take.6766,0.0,0.0,0.0,0.75,0.0,1.0,0.5,1.0,0.5,0.125,0.0,0.0,0.0,0.5
take.7343,0.875,0.625,0.25,0.125,0.0,1.0,1.0,1.0,0.875,0.125,0.75,0.125,0.5,0.875
take.8285,1.0,1.0,0.5,0.75,0.5,1.0,1.0,1.0,0.875,0.5,1.0,0.125,0.25,1.0
take.8430,0.5,0.5,0.125,0.5,0.375,0.875,0.5,1.0,0.5,0.125,0.5,0.5,0.5,0.625
take.8432,1.0,0.5,0.0,0.5,0.5,1.0,1.0,1.0,0.5,0.5,1.0,0.5,0.5,1.0
take.8462,0.17857142857142855,0.14285714285714285,0.14285714285714285,0.2857142857142857,0.14285714285714285,0.7142857142857143,0.7142857142857143,0.7551020408163266,0.3928571428571429,0.10714285714285715,0.2142857142857143,0.3214285714285714,0.3571428571428571,0.5357142857142857
take.9035,0.0,1.0,0.2857142857142857,0.17857142857142855,0.10714285714285715,1.0,1.0,1.0,0.14285714285714285,0.0,0.0,0.0,0.0,1.0
take.9080,0.75,1.0,0.25,0.5,0.125,1.0,1.0,1.0,0.75,0.0,0.75,0.375,1.0,1.0
take.9440,0.0,1.0,0.0,0.625,0.375,1.0,1.0,1.0,0.0,0.0,0.0,0.0,0.375,1.0
take.9862,0.0,0.0,0.375,0.125,0.0,0.625,0.875,0.7142857142857143,0.75,0.375,0.0,0.375,0.375,0.375
tame.9410,0.875,0.5,0.25,1.0,1.0,1.0,1.0,1.0,0.25,0.5,0.625,0.25,0.625,1.0
tell.10121,0.875,0.375,0.125,0.5,0.0,0.875,1.0,1.0,0.875,0.625,1.0,0.75,0.75,0.875
tell.10523,1.0,0.375,0.125,0.375,0.0,1.0,1.0,1.0,0.625,0.375,1.0,1.0,0.75,0.875
tell.10691,1.0,0.375,0.0,0.375,0.375,1.0,1.0,1.0,0.625,0.0,1.0,1.0,0.875,1.0
tell.11111,1.0,0.25,0.0357142857142857,0.2142857142857143,0.10714285714285715,1.0,1.0,1.0,0.5714285714285714,0.2857142857142857,1.0,0.8928571428571428,0.8928571428571428,0.5357142857142857
tell.11411,0.875,0.5,0.0,0.75,0.75,1.0,1.0,1.0,0.75,0.375,1.0,0.75,0.5,0.875
tell.12225,1.0,0.0,0.0,0.625,0.375,1.0,1.0,1.0,0.75,0.0,1.0,0.875,0.5,0.75
tell.12228,1.0,0.25,0.0,0.625,0.375,1.0,1.0,1.0,0.75,0.375,1.0,0.75,1.0,0.125
tell.12230,1.0,0.25,0.0,0.375,0.375,1.0,1.0,1.0,0.625,0.0,1.0,0.375,0.0,0.875
tell.261,0.875,0.375,0.375,0.5,0.375,1.0,1.0,1.0,0.625,0.625,1.0,0.625,0.75,0.625
tell.271,1.0,0.375,0.375,0.625,0.375,1.0,0.875,1.0,0.625,0.625,0.75,0.75,0.75,0.875
tell.4764,0.875,0.5,0.125,0.25,0.0,0.875,1.0,1.0,0.25,0.125,1.0,0.375,0.625,0.875
tell.5127,1.0,0.3928571428571429,0.2142857142857143,0.5714285714285714,0.5,1.0,1.0,1.0,0.3214285714285714,0.75,1.0,0.6785714285714286,0.6785714285714286,0.6071428571428571
tell.5766,0.9642857142857142,0.2142857142857143,0.10714285714285715,0.5714285714285714,0.5,1.0,1.0,1.0,0.6428571428571429,0.7142857142857143,0.6428571428571429,0.9285714285714286,0.8571428571428572,0.8214285714285714
tell.6340,1.0,0.0,0.0,0.25,0.0,1.0,1.0,1.0,0.0,0.875,1.0,1.0,1.0,0.5
tell.6346,0.5,0.0,0.0,0.0,0.0,1.0,1.0,1.0,0.375,0.875,0.0,0.25,0.25,0.0
tell.639,0.875,0.25,0.125,0.5,0.0,1.0,1.0,1.0,0.625,0.5,0.0,0.375,0.75,0.875
tell.9118,1.0,0.5,0.0,0.25,0.0,1.0,1.0,1.0,0.75,0.125,1.0,1.0,1.0,1.0
tell.916,1.0,0.375,0.25,0.75,0.75,1.0,1.0,1.0,0.875,0.125,1.0,0.875,0.75,0.75
tell.9432,1.0,0.625,0.125,0.875,0.875,1.0,1.0,1.0,0.75,0.5,1.0,0.625,0.875,0.5
thank.10343,1.0,0.5,0.375,1.0,0.875,0.75,0.75,1.0,0.875,0.375,0.875,0.625,0.875,1.0
think.789,0.25,0.25,0.25,0.125,0.0,1.0,1.0,1.0,0.25,0.25,0.25,0.125,0.125,0.0
threaten.492,0.0,0.0,0.0,0.0,0.0,1.0,1.0,1.0,0.25,0.5,0.0,0.0,0.0,0.125
throw.510,0.0,0.0,0.0,1.0,0.5,0.5,1.0,1.0,0.5,0.0,0.0,0.0,0.875,0.5
tout.12465,0.0,0.125,0.25,0.75,0.75,0.75,0.875,1.0,0.5,0.125,0.0,0.0,0.375,1.0
track.12041,0.0,0.375,0.25,0.125,0.0,1.0,1.0,1.0,0.5,0.0,0.0,0.0,0.0,0.125
train.8980,0.875,0.625,0.375,0.375,0.5,1.0,1.0,1.0,0.5,0.125,0.875,0.5,0.625,0.375
trust.1017,0.75,0.625,0.0,0.375,0.0,1.0,1.0,1.0,0.75,0.375,0.875,0.375,0.25,0.5
trust.12331,1.0,0.625,0.0,0.5,0.0,1.0,1.0,1.0,1.0,0.75,1.0,1.0,0.75,1.0
trust.974,0.875,0.5,0.125,0.375,0.0,1.0,1.0,1.0,0.75,0.5,1.0,0.75,0.75,0.875
trust.9921,0.875,0.5,0.0,0.5,0.0,1.0,1.0,1.0,1.0,0.5,1.0,0.75,0.625,1.0
try.8887,0.0,0.0,0.0,0.125,0.0,1.0,1.0,1.0,0.5,0.375,0.375,0.0,0.5,1.0
undermine.1437,0.0,0.0,0.125,0.75,0.75,0.75,1.0,1.0,0.5,0.5,0.0,0.0,0.125,0.875
understand.1738,0.0,0.0,0.0,0.375,0.375,0.5,1.0,1.0,0.875,0.375,0.0,0.0,0.0,1.0
understand.303,0.0,0.0,0.125,0.0,0.0,0.625,0.25,0.42857142857142855,0.375,0.125,0.0,0.0,0.375,0.5
urge.11114,0.75,0.75,0.375,0.75,0.75,0.875,0.75,0.8571428571428571,0.875,0.75,0.75,0.5,0.875,0.5
urge.1405,1.0,0.375,0.125,0.75,0.75,0.875,1.0,1.0,0.5,0.125,1.0,0.75,0.875,0.5
urge.5794,1.0,0.75,0.0,0.375,0.375,1.0,1.0,1.0,0.375,0.375,1.0,0.5,0.625,0.375
use.1445,0.875,0.375,0.375,0.625,0.5,1.0,1.0,1.0,1.0,0.75,0.75,0.875,0.75,1.0
use.5538,0.0,0.875,0.25,0.875,0.875,0.875,1.0,1.0,0.125,0.625,0.0,0.0,0.125,1.0
use.6786,0.0,0.0,0.0,0.0,0.0,1.0,0.75,1.0,0.0,0.5,0.0,0.0,0.0,1.0
use.7361,0.0,0.5,0.125,0.875,1.0,1.0,1.0,1.0,0.625,0.375,0.0,0.125,0.0,1.0
use.7439,0.0,0.75,0.375,0.875,0.875,0.625,1.0,1.0,0.5,0.625,0.0,0.0,0.125,1.0
use.7702,0.25,0.25,0.25,0.5,0.375,0.875,0.875,0.8571428571428571,0.5,0.75,0.125,0.25,0.75,0.625
use.8044,0.0,0.625,0.25,0.25,0.0,1.0,1.0,1.0,0.5,0.0,0.0,0.0,0.0,1.0
use.8061,0.0,0.75,0.375,0.625,0.375,0.75,1.0,1.0,0.375,0.0,0.0,0.0,0.0,1.0
use.8164,0.0,0.375,0.5,0.5,0.5,1.0,0.625,1.0,0.125,0.375,0.0,0.0,0.375,1.0
use.8593,0.0,0.375,0.25,0.5,0.5,0.625,1.0,1.0,0.125,0.75,0.0,0.0,0.125,1.0
use.9506,0.0,0.25,0.0,0.25,0.0,1.0,1.0,1.0,0.375,0.75,0.0,0.0,0.5,1.0
vacate.6363,0.5,0.25,0.0,0.625,0.375,1.0,1.0,1.0,0.75,0.125,0.5,0.5,0.75,0.5
varie$.7895,0.75,0.625,0.25,0.75,0.5,0.75,0.75,0.7142857142857143,0.75,0.625,0.0,0.75,0.75,0.625
vault.6135,1.0,0.0,0.0,0.875,0.75,1.0,1.0,1.0,1.0,1.0,0.5,1.0,1.0,1.0
verify.8266,0.0,0.125,0.125,0.375,0.375,0.5,0.875,1.0,0.875,0.5,0.0,0.125,0.875,1.0
visit.10302,0.0,0.0,0.0,0.375,0.375,1.0,1.0,1.0,0.875,0.75,0.0,0.0,0.75,0.875
visit.6676,0.0,0.0,0.125,0.25,0.0,1.0,1.0,1.0,0.125,0.875,0.0,0.0,0.25,0.625
want.11118,0.0,0.125,0.25,0.25,0.0,0.875,0.375,0.8571428571428571,0.125,0.25,0.0,0.0,0.25,0.75
want.1875,0.0,0.0,0.625,0.75,0.5,0.875,0.0,0.42857142857142855,0.5,0.25,0.0,0.0,0.0,0.75
want.4942,0.625,0.375,0.125,0.125,0.0,1.0,1.0,1.0,0.125,0.125,1.0,0.375,0.375,0.375
want.4968,1.0,0.375,0.125,0.25,0.0,1.0,1.0,1.0,0.375,0.25,1.0,0.375,0.375,0.125
want.5944,0.0,0.625,0.125,0.25,0.0,0.875,0.625,0.5714285714285714,0.625,0.25,0.0,0.0,0.875,0.5
want.6361,0.10714285714285715,0.2857142857142857,0.17857142857142855,0.4642857142857143,0.25,0.9285714285714286,0.9285714285714286,0.9183673469387755,0.6071428571428571,0.3928571428571429,0.07142857142857145,0.10714285714285715,0.6071428571428571,0.14285714285714285
want.8715,0.375,0.625,0.125,0.625,0.375,1.0,1.0,1.0,0.5,0.125,0.875,0.375,0.625,0.375
want.9404,0.07142857142857145,0.10714285714285715,0.07142857142857145,0.2142857142857143,0.2857142857142857,0.8214285714285714,0.7857142857142858,0.7959183673469388,0.7142857142857143,0.25,0.6428571428571429,0.07142857142857145,0.2142857142857143,0.5
warn.11318,1.0,0.25,0.0,0.875,0.875,1.0,1.0,1.0,0.125,0.0,1.0,0.0,1.0,0.875
warn.701,0.625,0.5,0.0,0.25,0.0,1.0,1.0,1.0,0.5,0.375,1.0,0.125,0.625,0.0
welcome.673,0.625,0.5,0.0,0.75,0.625,1.0,0.5,1.0,1.0,0.75,0.375,0.5,0.875,0.625
win.5535,0.5,0.625,0.625,0.5,0.0,1.0,0.875,1.0,0.625,0.375,0.0,0.25,0.375,0.625
wish.5667,0.0,0.0,0.0,0.375,0.375,1.0,1.0,1.0,1.0,0.875,0.0,0.0,1.0,1.0
wish.6148,0.5,0.5,0.125,0.125,0.0,1.0,1.0,1.0,1.0,0.0,0.0,0.5,1.0,0.5
work.12035,0.0,0.125,0.0,0.125,0.0,0.625,0.375,1.0,0.125,0.25,0.0,0.0,0.5,0.5
write.6677,0.0,0.625,0.0,1.0,1.0,1.0,0.0,0.2857142857142857,0.0,0.0,0.0,0.0,1.0,0.0
